,tr
current_language,Türkçe (Biraz Tekinsiz)
booktitle00,Zümrüt Tablet - cilt I
bookdesc00,"Yalan olmaksızın doğru, kesin ve pek doğrudur.\nAşağıdaki, yukarıdakine benzer\nve yukarıdaki, aşağıdakine benzer;\ntek bir şeyin mucizelerini gerçekleştirmek için.\nVe her şey, birin aracılığıyla birden var olup doğduğu gibi: \nher şey de uyarlanarak bu tek şeyden doğar."
booktitle01,Thoth'un Zümrüt Tableti
bookdesc01,"Sanatı gizleme zorunluluğu,\nsimyacıların başlıca kaygılarından biridir. \nGöğe, yere ve cehenneme,\ndört unsura, yüksekliğe ve derinliğe,\nHermes'e, Anubis'e ve Kerkoros'un ulumalarına sır saklayacağımıza yemin ettik.\nİnisiyasyondan geçmemiş hiçbir varlığa\nhiçbir şeyi açıkça anlatmamaya ant içmemiz istendi."
booktitle02,Zümrüt Tablet - cilt II
bookdesc02,"Oradan kar kadar beyaz bir ruh, \nve kan kadar kırmızı bir başka ruh doğar;\nbu iki ruh, üçüncü bir gizli şeyin içinde bulunur."
booktitle03,Zümrüt Tablet - cilt III
bookdesc03,Uyarımı dinle; yoksa ardından ölüm ve çürüme gelir. İkisi de dakiktir.
booktitle04,Zümrüt Tablet - cilt IV
bookdesc04,"Ölüm, bileşiğin ayrışmasıdır; \nama yalın olan ayrışmaz, çünkü birdir.\nÖlüm, ruhun bedenden ayrılmasından ibarettir;\nçünkü iki, üç\nya da dört bileşenden oluşan her şey dağılmalıdır; ölüm budur.\nŞunu da anla: ateşten yoksun hiçbir karmaşık madde yemez, \niçmez ya da uyumaz; çünkü ruh taşıyan her şeyde \nyiyen, ateştir.\n"
booktitle05,Zümrüt Tablet - cilt V
bookdesc05,"Ve Rab şöyle buyurdu:\n'Önce Kutsal Pimi çıkaracaksın.\nSonra üçe kadar sayacaksın. Ne fazla, ne eksik.\nSayacağın sayı üç olacak, \nve sayımın sayısı üç olacak. \nDörde saymayacaksın, ikiye de saymayacaksın;\nancak ardından üçe geçeceksen başka.\nBeş tamamen söz konusu dışıdır. Üç sayısına, \nyani üçüncü sayıya ulaşınca,\nAntakya'nın Kutsal El Bombası'nı düşmanına doğru \nfırlatacaksın; o da gözümde yaramazlık ettiği için geberip gidecek.'"
booktitle06,Zümrüt Tablet - cilt VI
bookdesc06,"Bazı simyacılar, işin baştan \nsona boş bir eğlenceden ibaret olduğunu sanır; fakat onu \nböyle görenler ektiklerini biçer: hiçliği. \nİlahi Lütuf\nve doğru temelin keşfinden sonra,\nbu İlk İşlemde yorulmaz bir çalışkanlık\nve sebat kadar önemli hiçbir şey olmadığını biliriz.\nÖyleyse bu Sanatın nice öğrencisinin\ndilenciliğe düşmesine şaşmamalı;\nçalışmaktan korkarlar ve Sanatımızı \nboş vakitlerinin oyuncağı sayarlar. Oysa hiçbir emek, \ngirişimimizin hazırlık kısmının \nistediği emekten daha usandırıcı değildir. \n"
booktitle07,Zümrüt Tablet - cilt VII
bookdesc07,"Metalleri dönüştürmeye kendini adayanlar içinse\nbaşarıda vasatlık diye bir şey yoktur.\nBu Sanatı inceleyen kişi ya her şeye sahip olur ya hiçbir şeye.\nZanaatının yarısını bilen simyacı, hayal kırıklığından \nve boşa giden zaman ile paradan başka bir şey biçmez; üstelik \nSanatımızı küçümseyenlerin alayına kapı açar. Magisterium'un \nhedefine ulaşanlar ise yalnız sonsuz servete değil, yaşamı ve sağlığı \nsürdürmenin yollarına da kavuşur. Bu yüzden bütün uğraşların en gözdesidir. "
booktitle08,Zümrüt Tablet - cilt VIII
bookdesc08,"Vay halinize, ey bütün budalalar! \nBilseydiniz uğruna öleceğiniz bu Sanattan ne kadar da habersizsiniz! \nSize yemin ederim: krallar onu tanısaydı, \nhiçbirimiz bu şeye asla erişemezdik. \nAh, bu doğa bedeni nasıl da ruha çevirir! \nAh, Doğa ne hayranlık vericidir; her şeyi yönetir ve her şeye üstün gelir.\n"
booktitle09,Zümrüt Tablet - cilt IX
bookdesc09,"Böylece Doğa, bu kükürt \naracılığıyla yeryüzünün damarlarında \nfarklı dereceler ve değişimlere göre \nçeşitli metalleri meydana getirir.\n"
booktitle10,Zümrüt Tablet - cilt X 
bookdesc10,"Altın taşını al, der bize; onu kalıcı su olan sıvıyla\nbirleştir, kabına koy ve sıvılaşana kadar hafif ateşte\ntut. Sonra su kuruyana ve kum ile\nsu birbirine karışana dek bırak; ardından ateşi öncekinden daha güçlü\nkıl, yeniden kuruyup toprak olana kadar. Bu olduğunda,\nsırrın başlangıcının burada olduğunu anla; fakat bunu defalarca yap, \nsuyun üçte ikisi yok olup renkler sana görünene dek. "
booktitle_corpse,Tabula Smaragdina
bookdesc_corpse,"Bütün dağlar gümüş ve altından olsaydı, sürekli \nölüm korkusuyla yaşayan bir adama ne faydaları olurdu? \nBu yüzden bütün dünyada, bedenin tüm hastalıklarını\niyileştirme gücüne sahip İlacımızdan daha iyi bir şey olamaz."
booktitle_tree,Hermes'in Sırları
bookdesc_tree,"Kendini bilgi arayışına \nfeda etmek, tanrılara sunulan en yüce haraçtır."
menu_paused,DURAKLATILDI
menu_continue,Devam
menu_options,Seçenekler
menu_stats,İstatistikler
menu_progress,İlerleme
menu_releasenotes,Sürüm Notları
menu_credits,Emeği Geçenler
menu_newgame,Yeni Oyun
menu_dailyrun,Günlük Sefer
menu_saveandquit,Kaydet ve Çık
menu_return,Geri
menu_applyandreturn,Uygula ve Geri Dön
menu_cancel,İptal
menu_yes,Evet
menu_no,Hayır
menu_ok,Tamam
menu_high,Yüksek
menu_medium,Orta
menu_low,Düşük
option_on,Açık
option_off,Kapalı
option_adaptive,Uyarlamalı
menu_newgame_areyousure,Yeni oyuna başlamak istediğine emin misin? Mevcut seferdeki tüm ilerlemen kaybolacak. Ceset dâhil.
menuoptions_windowmode,Pencere modu: $0
windowmode_windowed,Pencere
windowmode_fullscreen,Tam ekran (pencere)
windowmode_fullscreen_real,Tam ekran (gerçek)
menuoptions_resolution,Çözünürlük: $0
menuoptions_resolution_illegible, - UYARI: Yazılar okunamayabilir!
menuoptions_matchresolution,Ekranın mevcut çözünürlüğünü kullan
menuoptions_applydisplay,Görüntü ayarlarını uygula
menuoptions_renderingquality,Görüntü kalitesi
menuoptions_lowqualityrendering,Düşük görüntü kalitesi: $0
menuoptions_vsync,Dikey eşitleme: $0
menuoptions_display_areyousure,Yeni görüntü ayarları kalsın mı? Eski ayarlar $0 saniye sonra geri yüklenecek.
menuoptions_resetsave,Tüm ilerlemeyi sıfırla
menuoptions_resetsave_areyousure,Tüm ilerlemeyi sıfırlamak istediğine emin misin? Bunun geri dönüşü yok!
menugameover_newgame,Yeni Oyun
menugameover_savereplay,Ölüm tekrarını kaydet
menugameover_quit,Çık
menugameover_gamecompleted,OYUNU BİTİRDİN!
menugameover_nextbutton,Öldün. Otopsi raporu için tıkla
menugameover_records,REKORLAR
menuoptions_pixelart_aa,Piksel kenar yumuşatma: $0
menuoptions_lowres,Düşük çözünürlükte çizim: $0
menuoptions_lowres_tooltip_exp,DENEYSEL. Küçük görüntü hatalarına yol açabilir.
menuoptions_lowres_tooltip,"Görüntü performansını artırır, ancak küçük görüntü hatalarına yol açabilir."
menuoptions_brightness,Parlaklık
menuoptions_contrast,Kontrast
menuoptions_gamma,Gama
menuoptions_reset_keyboard,Varsayılana dönmek için sağ tıkla.
menuoptions_reset_gamepad,Varsayılana dönmek için B'ye bas.
menuoptions_musicvolume,Müzik sesi
menuoptions_soundsvolume,Efekt sesi
menuoptions_configurecontrols,Kontrolleri ayarla
menuoptions_configurecontrols_reset_all,Tümünü varsayılana döndür
menuoptions_configurecontrols_rebind_keyboard,$0 için tuşa veya düğmeye bas
menuoptions_configurecontrols_rebind_gamepad,$0 için düğmeye bas
menuoptions_controls,Oyun kumandası: $0
menuoptions_mousesensitivity,Fare hassasiyeti
menuoptions_controls_keyboard,Fare + Klavye
menuoptions_controls_autodetectgamepad,Otomatik algıla
menuoptions_gamepad_rumble,Kumanda titreşim şiddeti
menuoptions_ui_inventory_icons_always_clickable,Simgeye tıklamak eşyayı değiştirir: $0
menuoptions_application_rendered_cursor,İmleci oyun çizsin: $0
menuoptions_screenshake_intensity,Ekran sarsıntısı şiddeti
menuoptions_damagenumbers,Hasar sayıları: $0
menuoptions_replayrecorder,Tekrar kaydı: $0
menuoptions_checkforupdates,Güncellemeleri denetle: $0
menuoptions_language,Dil: Türkçe
menuupdatenotification_title,YENİ GÜNCELLEME VAR
menuupdatenotification_description_generic,Noita'nın yeni sürümü çıktı!\nSürüm notları için buraya tıkla
menureleasenotes_notavailable,Sürüm notları yok
menureleasenotes_eawarning,Noita'ya hoş geldin!\nNoita erken erişimde.\nHatalar var; oyun bazen çökebilir de!\nDüzeltmeler ve yeni özellikler üzerinde çalışıyoruz.
controls_up,yukarı
controls_down,aşağı
controls_left,sola
controls_right,sağa
controls_sprayflask,iksiri püskürt
controls_throw,fırlat
controls_kick,tekmele
controls_inventory,envanteri aç/kapat
controls_itemnext,sonraki eşya
controls_itemprev,önceki eşya
controls_itemslot1,1. yuvadaki eşyayı seç
controls_itemslot2,2. yuvadaki eşyayı seç
controls_itemslot3,3. yuvadaki eşyayı seç
controls_itemslot4,4. yuvadaki eşyayı seç
controls_itemslot5,5. yuvadaki eşyayı seç
controls_itemslot6,6. yuvadaki eşyayı seç
controls_itemslot7,7. yuvadaki eşyayı seç
controls_itemslot8,8. yuvadaki eşyayı seç
controls_itemslot9,9. yuvadaki eşyayı seç
controls_itemslot10,10. yuvadaki eşyayı seç
controls_escape,duraklat/kapat
hud_air_unit,o2
hud_air,Hava: $0 / $1
hud_health,Can: $0 / $1
hud_jetpack,Havada kalma enerjisi: $0 / $1
hud_wand_mana,Asa manası: $0 / $1
hud_wand_reload,Asa yenilenmesi: $0 sn
hud_gold,Altın: $0
hud_orbs,Toplanan küreler: $0
hud_title_wands,ASALAR
hud_title_throwables,EŞYALAR
hud_title_actionstorage,BÜYÜLER
menu_newwand_title,YENİ ASA
menu_newwand_pressagain_pick,Asayı almak için tekrar $0 tuşuna bas
menu_newwand_pressagain_cancel,İptal etmek için $0 tuşuna bas
menu_newwand_whichwand_gamepad,HANGİ ASAYI BIRAKACAKSIN?
menu_newwand_whichwand_keyboard,HANGİ ASAYI BIRAKACAKSIN? (Tıkla!)
menu_newwand_emptyslot,$0 - boş yuva
menu_newbook_pressagain_pick,Kitabı almak için tekrar $0 tuşuna bas
menu_newbook_pressagain_close,Kapatmak için $0 tuşuna bas
item_empty,Boş
item_wand,Asa
item_potion,İksir
item_cocktail,Kokteyl
item_orb,Küre
item_description_potion,Kuşan ve fırlat
item_description_egg,Kuşan ve fırlat
item_potion_with_material,$0 iksiri
item_potion_fullness, (%$0 dolu)
item_potion_empty,Boş
item_egg,Yumurta
item_chest_treasure,Hazine sandığı
item_goldnugget,Altın külçesi
item_heart,Ek azami can
item_heart_better,Bolca ek azami can
item_heart_fullhp,Tam can yenileme
item_unidentified,Tanımlanamayan eşya
itempickup_notenoughgold,"'$0' için altının yetmiyor. Varlık var, nakit yok."
itempickup_purchase,'$1' satın almak için $0 bas
itempickup_pick,'$1' almak için $0 bas
itempickup_read,'$1' okumak için $0 bas
itempickup_purchase_swap,'$1' satın alıp bir eşyanla değiştirmek için $0 bas
itempickup_pick_swap,Bir eşyanı '$1' ile değiştirmek için $0 bas
itempickup_cannotpick,'$0' alınamıyor. Yer açmak için bir eşyayı bırak; ceplerin sonsuz değil.
itempickup_cannotpick_closeinventory,'$0' almak için önce envanteri kapat
hint_editwands,Asaları düzenlemek için $0 tuşuna bas
hint_endingmcguffin_use,Büyük Eser'i tamamlamak için $0 tuşuna bas
log_pickedup_perk,$0 
log_pickedup,$0 alındı
log_equipped,$0 kuşanıldı
log_entered,$0 bölgesine girildi
log_damage,Hasar: $0
log_death,Ölüm: $0
log_teleported,Işınlandın!
log_teleported_something,Yakında bir şey ışınlanma geçidine girdi
log_gamefx_savinggrace,Son Anda Kurtuluş seni kurtardı!
log_gamefx_respawn,Bir şansın daha var. Bu kez dikkat et!
logdesc_gamefx_respawn,Ek Hayat seni kurtardı
log_recharging,YENİLENİYOR..
log_blindness,Geçici olarak kör oldun!
log_polymorph,Biçim değiştirdin!
log_block_attack,ENGELLENDİ
log_coop_resurrected,DİRİLDİ
log_coop_resurrected_player,$0 adlı oyuncu diriltildi!
log_coop_partner_is_dead,Yoldaşın öldü!
log_coop_started,ORTAK OYUN!
log_chest,Hazine sandığı açıldı!
logdesc_chest_gold,$0 altın kazandın!
log_heart,Azami can artışı alındı
logdesc_heart,Azami can $0 oldu
logdesc_heart_blocked,Azami can $0 oldu... ama bir lanet azami can artışını engelledi!
log_heart_better,Azami can artışı alındı
logdesc_heart_better,Azami can $0 oldu
log_heart_fullhp,Tam can yenileme alındı
log_discovered,$0 keşfedildi
inventory_sort,Sırala
inventory_shuffle,Karıştırma
inventory_shuffle_tooltip,Karıştıran asalar büyülerini rastgele sırayla yapar. Asa da sürpriz seviyor.
inventory_actionspercast,Büyü/Atış
inventory_actionspercast_tooltip,Bu asanın her kullanımda yaptığı büyü sayısı.
inventory_castdelay,Büyü gecikmesi
inventory_castdelay_tooltip,İki büyü atışı arasındaki süre.
inventory_rechargetime,Yenilenme
inventory_rechargetime_tooltip,İçindeki tüm büyüler yapıldıktan sonra asanın yenilenmesi için gereken süre.
inventory_manamax,Azami mana
inventory_manamax_tooltip,Asanın depolayabildiği en yüksek mana miktarı.
inventory_manachargespeed,Mana dolum hızı
inventory_manachargespeed_tooltip,Asanın mana yenileme hızı.
inventory_capacity,Kapasite
inventory_capacity_tooltip,Asaya yerleştirilebilen büyü sayısı.
inventory_spread,Saçılma
inventory_spread_tooltip,Asadan çıkan mermilerin yönünden sapma miktarı.
inventory_chargecapacity,Şarj kapasitesi
inventory_alwayscasts,Her atışta
inventory_alwayscasts_description,Bu asa her kullanıldığında bazı büyüleri mutlaka yapar.
inventory_usesremaining,Kalan kullanım
inventory_actiontype,Tür
inventory_manadrain,Mana tüketimi
inventory_damage,Hasar
inventory_dmg_explosion,Patlama has.
inventory_explosion_radius,Patlama yarıç.
inventory_dmg_slice,Kesme has.
inventory_dmg_drill,Delme has.
inventory_dmg_fire,Ateş has.
inventory_dmg_ice,Buz has.
inventory_speed,Hız
inventory_mod_castdelay,Büyü gecikmesi
inventory_mod_rechargetime,Yenilenme süresi
inventory_mod_bounces,Sekme sayısı
inventory_mod_speed,Mermi hızı
inventory_mod_explosion_radius,Patlama yarıç.
inventory_mod_spread,Saçılma
inventory_mod_knockback,Geri itme
inventory_mod_damage,Hasar
inventory_mod_damage_melee,Yakın dövüş has.
inventory_mod_damage_electric,Elektrik has.
inventory_mod_damage_fire,Ateş has.
inventory_mod_damage_explosion,Patlama has.
inventory_mod_critchance,Kritik ihtimali
inventory_warning_noactions,UYARI - Bu asada büyü yok
inventory_warning_noactions_description,Asa şu an süslü bir dal. Yuvalarına büyü yerleştir.
inventory_warning_notenoughmana,UYARI - Asanın manası $0 için yetersiz
inventory_warning_notenoughmana_description,Asanın azami manası $0. $1 büyüsü için $2 mana gerekiyor.
inventory_info_frozen,BİLGİ - Bu asa dondurulmuş
inventory_info_frozen_description,"Bir büyü, asanın düzenlenmesini engelliyor."
inventory_seconds,$0 sn
inventory_degrees,$0 DERECE
inventory_actiontype_projectile,Mermi
inventory_actiontype_staticprojectile,Sabit mermi
inventory_actiontype_modifier,Mermi değiştirici
inventory_actiontype_drawmany,Çoklu büyü
inventory_actiontype_material,Madde
inventory_actiontype_other,Diğer
inventory_actiontype_utility,Yardımcı
inventory_actiontype_passive,Pasif
item_spell_refresh,Büyü yenileyici
itemtitle_spell_refresh,Büyü yenileyici alındı
itemdesc_spell_refresh,Bütün büyüler yenilendi. Mesaiye devam.
itemtitle_wand_pickup,Yeni bir büyülü asa alındı
itemtitle_chest_open,Hazine sandığı açıldı!
itemtitle_chest_broken_open,Bir sandık kırılarak açıldı
log_endcrystal,Lanetli kristale dokundun!
logdesc_endcrystal,Tepende bir şey kıpırdanıyor
logdesc_temple_spawn_guardian,Tanrıları kızdırdın
logdesc_gods_are_angry,Tanrıları kızdırdın
logdesc_gods_are_very_angry,Tanrılar sana çok kızgın. Hem de epey.
damage_projectile,mermi
damage_electricity,elektrik
damage_explosion,patlama
damage_fire,ateş
damage_melee,yakın dövüş
damage_drill,delme
damage_slice,kesme
damage_ice,buz
damage_healing,iyileştirme
damage_physicshit,sert darbe
damage_radioactive,toksik madde
damage_poison,zehir
damage_water,ıslaklık
damage_fall,düşme
damage_drowning,boğulma
damage_frommaterial,maddeden gelen hasar: $0
damage_kick,tekme
damage_holy_mountains_curse,Kutsal Dağ'ın laneti
stat_depth,Derinlik:
stat_time,Süre:
stat_places_visited,Gezilen yerler:
stat_enemies_slain,Öldürülen düşmanlar:
stat_max_hp,Azami can:
stat_gold,Altın:
stat_items_found,Bulunan eşyalar:
stat_orbs,Toplanan küreler:
stat_total_deaths,Toplam ölüm:
stat_total_play_time,Toplam oyun süresi:
stat_total_wins,Toplam zafer:
stat_cause_of_death,Ölüm sebebi: '$0'
stat_best,(En iyi: $0)
credits_music,Müzikler: From Grotto ve Niilo Takalainen
credits_sounddesign,Ses tasarımı: Niilo Takalainen
credits_fmod,"Noita, Firelight Technologies Pty Ltd'nin FMOD Studio yazılımını kullanır"
credits_copyright,Noita (c) Nolla Games Oy 2019
progress_perks,Yetenekler
progress_actions,Büyüler
progress_secrets,Sırlar
progress_enemies,Düşmanlar
progress_unlocked,Açılanlar
progress_completed,$0 $1 sır bulundu
progress_kills,Öldürme: $0
progress_unknown,???
progress_ending0,Aşağıdaki sır keşfedildi - 
progress_ending1,Yukarıdaki sır keşfedildi - 
progress_ending01,Yukarıdaki ve aşağıdaki sırlar keşfedildi - 
status_wet,Islak
statusdesc_wet,Islak giysiler seni ateşten korur.
status_oiled,Yağlı
statusdesc_oiled,Yağ seni kaygan ve daha yanıcı yapar. Tavaya hazırsın.
status_bloody,Kanlı
statusdesc_bloody,Kanlı giysiler seni ateşten korur.\nKritik vuruş şansının arttığını hissediyorsun.
status_slimy,Sümüksü
statusdesc_slimy,Sümüksü giysiler seni ateşten korur.\nSümük hareket etmeyi zorlaştırır.
status_radioactive,Zehirli
statusdesc_radioactive,Giysilerindeki zehirli çamur canını yavaşça azaltır.\nIslak giysiler seni ateşten korur.\nSıvılarla yıkanabilir.
status_alcoholic,Alkollü
statusdesc_alcoholic,Giysilerinden ağır bir içki kokusu yayılıyor.\nNişanın bozulur.\nÜstelik alkol yanıcıdır. Son kadeh olabilir.
status_poisoned,Zehirlenmiş
statusdesc_poisoned,Zehirlenme canını yavaşça azaltır.
status_teleportation,Işınlanma Nöbeti
statusdesc_teleportation,Ara sıra istemeden ışınlanırsın.
status_hp_regeneration,Can yenilenmesi
statusdesc_hp_regeneration,Bir can yenileme büyüsü seni etkiliyor.
status_polymorph,Biçim değiştirme
statusdesc_polymorph,Bir koyunsun. Kariyer değişikliği.
status_polymorph_random,Kaotik biçim değiştirme
statusdesc_polymorph_random,Bir biçim değiştirme laneti seni etkiliyor.
status_berserk,Gözü dönmüş
statusdesc_berserk,Bir gözü dönme laneti seni etkiliyor.
status_charm,Büyülenmiş
statusdesc_charm,Bir dostluk büyüsü seni etkiliyor.
status_invisibility,Görünmez
statusdesc_invisibility,Giysilerindeki büyülü sıvı seni görünmez yapar.\nLekeli veya ıslak giysiler büyüyü bozar.
status_on_fire,Yanıyor
statusdesc_on_fire,Yanıyorsun. Su bul! Aydınlanmanın sırası değil.
boss_limbs_limb_attacker,Örümcek bacağı
biome_boss_arena,Laboratuvar
biome_boss_victoryroom,Büyük Eser
biome_coalmine,Madenler
biome_coalmine_alt,Çökmüş Madenler
biome_crypt,Sanat Tapınağı
biome_desert,Çöl
biome_dragoncave,Ejderha Mağarası
biome_ending_placeholder,Usta Sembol Mahzeni
biome_excavationsite,Kömür Çukurları
biome_fungicave,Mantar Mağaraları
biome_gold,Altın
biome_lake,Göl
biome_lava,Volkanik Göl
biome_lavacave,Volkanik Mağara
biome_magic_gate,Sığınak
biome_null,Bilinmeyen
biome_pyramid,Piramit
biome_rainforest,Yeraltı Ormanı
biome_sandcave,Kum Mağarası
biome_secret_entrance,Gizemli Geçit
biome_shop_room,Gizli Dükkân
biome_snowcastle,Hiisi Üssü
biome_snowcave,Karlı Derinlikler
biome_town_under,Dolambaçlı Geçitler
biome_vault,Kasa
biome_wandcave,Büyülü Tapınak
biome_water,Su
biome_winter,Karlı Çoraklık
biome_holymountain,Kutsal Dağ
biome_east,Doğu $0
biome_west,Batı $0
animal_player,Minä (Bendeniz)
animal_boss_centipede_minion,Kolmisilmä'nın Yardakçısı
animal_boss_limbs,Kolmisilmä'nın Bacağı
animal_boss_dragon_endcrystal,Mato (Solucan)
animal_lukki,Hämähäkki (Örümcek)
animal_lukki_creepy,Yüzsüz Örümcek
animal_lukki_creepy_long,Yüzsüz Lukki
animal_lukki_longleg,Lukki (Uzunbacak)
animal_acidshooter,Asitçi Sümük
animal_alchemist,Puistokemisti (Park Kimyacısı)
animal_ant,Murkku (Karınca)
animal_assassin,Suikastçı Robot
animal_barfer,Şişkin Büyücü
animal_bat,Yarasa
animal_bigbat,Dev Yarasa
animal_bigfirebug,Dev Ateş Böceği
animal_bigzombie,Çürüyen Ceset
animal_bigzombiehead,Çürüyen Kafa
animal_bigzombietorso,Çürüyen Gövde
animal_blob,Öfke Topağı
animal_bloodcrystal_physics,Kan Kristali
animal_bloom,Puska (Çalı)
animal_boss_dragon,Suomuhauki (Pullu Turna)
animal_chest_mimic,Taklitçi Sandık
animal_crystal_physics,Lanetli Kristal
animal_darkghost,Haamu (Hayalet)
animal_deer,Nelikoipi (Dörtbacak)
animal_drone,Lennokki (İHA)
animal_drone_physics,Lennokki (İHA)
animal_duck,Ördek
animal_eel,Nahkiainen (Taşemen)
animal_elk,Ren Geyiği
animal_firebug,Minik Ateş Böceği
animal_firemage,Eldari (Ateş Büyücüsü)
animal_firemage_weak,Stendari (Ateşçi)
animal_fireskull,Liekkiö (Alev Kafası)
animal_fish,Eväkäs (Yüzgeçli)
animal_fish_large,Dev Yüzgeçli
animal_flamer,Liekkari (Alevci)
animal_fly,Amppari (Eşek Arısı)
animal_frog,Kurbağa
animal_fungus,Sürüklenen Mantar
animal_gazer,Cehennem Bakışı
animal_ghost,Houre (Sanrı)
animal_ghoul,Sylkyri (Tükürükçü)
animal_giant,Hiidenkivi (Hiisi Taşı)
animal_giantshooter,Ana Sümük
animal_healerdrone_physics,Tamirci İHA
animal_icer,Soğutma Cihazı
animal_iceskull,Jäätiö (Buz Kafası)
animal_lasershooter,Mulkkio (Baş Belası)
animal_longleg,Hämis (Örümcek)
animal_slimeshooter,Sümük Atıcı
animal_slimeshooter_boss_limbs,Ana Sümük Atıcı
animal_maggot,Larva
animal_mimic_physics,Taklitçi
animal_miner,Tappurahiisi (Madenci)
animal_miner_weak,Cılız Madenci Hiisi
animal_miner_fire,Ateş Hiisi
animal_miner_santa,Noel Hiisi
animal_mine_scavenger,Mayın
animal_miniblob,Möykky (Topak)
animal_missilecrab,Heinäsirkka (Çekirge)
animal_pebble,Lohkare (Kaya)
animal_pebble_player,Yoldaş Kaya
animal_phantom_a,Spiraalikalma (Sarmal Hortlak)
animal_phantom_b,Kiukkukalma (Öfkeli Hortlak)
animal_playerghost,Kummitus (Hayalet)
animal_rat,Sıçan
animal_roboguard,Robot Aynasız
animal_scavenger_clusterbomb,İri Hiisi
animal_scavenger_grenade,Bombacı Hiisi
animal_scavenger_heal,Şifacı Hiisi
animal_scavenger_leader,Toimari (Müdür Bey)
animal_scavenger_mine,Mayın Eken
animal_scavenger_poison,Zehirci Hiisi
animal_scavenger_smg,Otomatikçi Hiisi
animal_scorpion,Akrep
animal_sheep,Koyun
animal_sheep_bat,Uçan Koyun
animal_sheep_fly,Vızıldayan Koyun
animal_shooterflower,Plazma Çiçeği
animal_shotgunner_weak,Cılız Pompalıcı Hiisi
animal_shotgunner,Pompalıcı Hiisi
animal_skullfly,Kafatası Sineği
animal_skullrat,Kafatası Sıçanı
animal_sniper,Keskin Nişancı Hiisi
animal_spitmonster,Cehennem Tükürükçüsü
animal_statue_physics,Hohtonaamio (Parlak Maske)
animal_tank,Makineli Tüfek Tankı
animal_tank_rocket,Uçaksavar Tankı
animal_tentacler,Turso (Dokunaçlı)
animal_tentacler_small,Minik Turso
animal_thundermage,Ukko (Yıldırımcı)
animal_turret,Savunma Cihazı
animal_wand_ghost,Büyülü Asa
animal_wizard_dark,Kör Etme Ustası
animal_wizard_poly,Biçim Değiştirme Ustası
animal_wizard_tele,Işınlama Ustası
animal_wolf,Kurt
animal_worm,Solucan
animal_worm_big,Dev Solucan
animal_worm_end,Cehennem Solucanı
animal_worm_skull,Ölüm Solucanı
animal_worm_tiny,Minik Solucan
animal_zombie_weak,Cılız Hurtta
animal_zombie,Hurtta (Tazı)
action_burst_2,İkili büyü
actiondesc_burst_2,Aynı anda 2 büyü yapar
action_burst_3,Üçlü büyü
actiondesc_burst_3,Aynı anda 3 büyü yapar
action_burst_4,Dörtlü büyü
actiondesc_burst_4,Aynı anda 4 büyü yapar
action_scatter_2,İkili dağınık büyü
actiondesc_scatter_2,"Aynı anda, düşük isabetle 2 büyü yapar"
action_scatter_3,Üçlü dağınık büyü
actiondesc_scatter_3,"Aynı anda, düşük isabetle 3 büyü yapar"
action_scatter_4,Dörtlü dağınık büyü
actiondesc_scatter_4,"Aynı anda, düşük isabetle 4 büyü yapar"
action_i_shape,Dizilim - arkanı kolla
actiondesc_i_shape,"İki büyü yapar: biri önüne, biri arkana"
action_y_shape,Dizilim - iki çatal
actiondesc_y_shape,İki kola ayrılan bir düzende 2 büyü yapar
action_t_shape,Dizilim - üst ve alt
actiondesc_t_shape,"Önüne, üstüne ve altına doğru 3 büyü yapar"
action_w_shape,Dizilim - üç çatal
actiondesc_w_shape,Üç kola ayrılan bir düzende 3 büyü yapar
action_circle_shape,Dizilim - altıgen
actiondesc_circle_shape,Altıgen düzende 6 büyü yapar
action_pentagram_shape,Dizilim - beşgen
actiondesc_pentagram_shape,Beşgen düzende 5 büyü yapar
action_spread_reduce,Saçılmayı azalt
actiondesc_spread_reduce,Büyünün saçılmasını azaltır
action_recharge,Yenilenme süresini azalt
actiondesc_recharge,Büyüler arasındaki süreyi azaltır
action_gravity,Yerçekimi
actiondesc_gravity,Yerçekiminin mermi üzerindeki etkisini artırır
action_gravity_anti,Ters yerçekimi
actiondesc_gravity_anti,Mermiye yukarı yönlü kuvvet uygular
action_penetrate_walls,Duvarları del
actiondesc_penetrate_walls,Merminin delme gücünü artırır
action_sinewave,Yılan yolu
actiondesc_sinewave,Mermiyi yılan gibi kıvrıla kıvrıla hızla ilerletir
action_bounce,Sekme
actiondesc_bounce,Mermiyi çarptığında sektirir
action_homing,Güdümlü
action_homing_shooter,Bumerang
actiondesc_homing_shooter,Merminin yolunu sana doğru büker. Özlemiş demek
action_damage,Hasar artışı
actiondesc_damage,Merminin verdiği hasarı artırır
action_critical_hit,Kritik artışı
actiondesc_critical_hit,Mermiye +15% kritik vuruş ihtimali verir
action_damage_friendly,Sinsi güç
actiondesc_damage_friendly,"Merminin hasarını artırır, ama sana da hasar verebilir"
action_damage_x2,Yoğun güç
action_damage_x5,Parçalayan güç
action_heavy_shot,Ağır atış
actiondesc_heavy_shot,Merminin hızını düşürerek verdiği hasarı büyük ölçüde artırır
action_knockback,Geri savurma
actiondesc_knockback,"Mermi, vurduğu düşmanları geri savurur"
action_recoil,Geri tepme
actiondesc_recoil,Büyü yaparken geri tepmeyi artırır
action_recoil_damper,Geri tepme sönümleyici
actiondesc_recoil_damper,Büyü yaparken geri tepmeyi azaltır
action_speed,Hız artışı
actiondesc_speed,Merminin havadaki hızını artırır
action_gore,Kan akıt
actiondesc_gore,Merminin vurduğu düşmanların daha fazla kan dökmesini sağlar
actiondesc_explosive_projectile,Merminin çevreye verdiği tahribatı artırır
action_water_to_poison,Suyu zehre çevir
actiondesc_water_to_poison,Merminin menzilindeki suyu zehre dönüştürür
action_blood_to_acid,Kanı aside çevir
actiondesc_blood_to_acid,Merminin menzilindeki kanı aside dönüştürür
action_lava_to_blood,Lavı kana çevir
actiondesc_lava_to_blood,Merminin menzilindeki lavı kana dönüştürür
action_necromancy,Ölü çağırma
actiondesc_necromancy,Merminin öldürdüğü yaratıkların cesetlerini yardımına kaldırır. Mesai bitmedi
actiondesc_explosion,Güçlü bir patlama
action_fire_blast,Kükürt patlaması
actiondesc_fire_blast,Alevli bir patlama
action_poison_blast,Zehir patlaması
actiondesc_poison_blast,Simyasal bir patlama
action_alcohol_blast,İspirto patlaması
actiondesc_alcohol_blast,Sarhoş eden bir patlama
action_thunder_blast,Gök gürültüsü patlaması
actiondesc_thunder_blast,Elektrikli bir patlama
action_charm_field,İkna çemberi
actiondesc_charm_field,Cezbetme büyüsü alanı
action_berserk_field,Hiddet çemberi
actiondesc_berserk_field,Çılgın öfke büyüsü alanı
action_polymorph_field,Başkalaşım çemberi
actiondesc_polymorph_field,Koyunumsu büyü alanı. Meleme serbest
action_chaos_polymorph_field,Kararsız dönüşüm çemberi
actiondesc_chaos_polymorph_field,Dönüşüm büyüsü alanı
action_electrocution_field,Gök gürültüsü çemberi
actiondesc_electrocution_field,Elektriklendiren büyü alanı
action_freeze_field,Durgunluk çemberi
actiondesc_freeze_field,Dondurucu büyü alanı
action_regeneration_field,Dirilik çemberi
actiondesc_regeneration_field,İyileştiren büyü alanı
action_teleportation_field,Yer değiştirme çemberi
actiondesc_teleportation_field,Işınlanma büyüsü alanı
action_levitation_field,Yükseliş çemberi
actiondesc_levitation_field,Havada süzülme büyüsü alanı
action_telepathy_field,Görüş çemberi
actiondesc_telepathy_field,Uzağı görme büyüsü alanı
action_shield_field,Koruma çemberi
actiondesc_shield_field,Koruyucu büyü alanı
action_sea_lava,Lav denizi
actiondesc_sea_lava,Büyücünün altında büyük bir lav kütlesi oluşturur
action_sea_oil,Yağ denizi
actiondesc_sea_oil,Büyücünün altında büyük bir yağ kütlesi oluşturur
action_sea_water,Su denizi
actiondesc_sea_water,Büyücünün altında büyük bir su kütlesi oluşturur
action_sea_acid,Asit denizi
actiondesc_sea_acid,Büyücünün altında büyük bir asit kütlesi oluşturur
action_sea_acid_gas,Yanıcı gaz denizi
actiondesc_sea_acid_gas,Büyücünün altında büyük bir yanıcı gaz kütlesi oluşturur
action_sea_alcohol,Alkol denizi
actiondesc_sea_alcohol,Büyücünün altında büyük bir leziz alkol kütlesi oluşturur
action_cloud_water,Yağmur bulutu
actiondesc_cloud_water,Sulu bir hava olayı oluşturur
action_cloud_blood,Kan bulutu
actiondesc_cloud_blood,Kan yağmuru oluşturur. Hava raporu iç açıcı değil
action_cloud_acid,Asit bulutu
actiondesc_cloud_acid,Asit yağmuru oluşturur
action_cloud_thunder,Fırtına bulutu
actiondesc_cloud_thunder,Fırtınalı bir bulut oluşturur
action_electric_charge,Elektrik yükü
actiondesc_electric_charge,Mermiye çarpınca açığa çıkan bir elektrik yükü verir
action_matter_eater,Madde yiyici
actiondesc_matter_eater,Mermi uçarken çevresini yer. Diyeti taş ağırlıklı
action_freeze,Dondurucu yük
actiondesc_freeze,Mermiye çarpınca açığa çıkan bir dondurucu yük verir
action_hitfx_burning_critical_hit,Yanan düşmana kritik
actiondesc_hitfx_burning_critical_hit,Mermi yanan düşmanlara daima kritik vurur
action_hitfx_critical_water,Suya bulanmış düşmana kritik
actiondesc_hitfx_critical_water,Mermi suya bulanmış düşmanlara daima kritik vurur
action_hitfx_critical_oil,Yağa bulanmış düşmana kritik
actiondesc_hitfx_critical_oil,Mermi yağa bulanmış düşmanlara daima kritik vurur
action_hitfx_critical_blood,Kana bulanmış düşmana kritik
actiondesc_hitfx_critical_blood,Mermi kana bulanmış düşmanlara daima kritik vurur
action_hitfx_poltergeist,Poltergeist
actiondesc_hitfx_poltergeist,Mermiye fiziksel nesneleri canlandırma gücü verir
action_fireball_ray,Ateş topu fırlatıcı
actiondesc_fireball_ray,Mermi rastgele yönlere ateş topları atar
action_hitfx_oiled_freeze,Yağlı dondurma
actiondesc_hitfx_oiled_freeze,Mermi yağa bulanmış düşmanları dondurur
action_alcohol_shot,Alkol atışı
actiondesc_alcohol_shot,Mermi vurduğu düşmanları sarhoş eder
action_freeze_if_wet_shooter,Islakken dondur
actiondesc_freeze_if_wet_shooter,Büyücü ıslaksa mermi vurduğu düşmanları dondurur
action_blindness,Körlük
actiondesc_blindness,Göremiyorum!
action_teleportation,Işınlama
actiondesc_teleportation,Bununla birlikte yapılan büyüler düşmanları ışınlar
action_telepathy,Telepati
actiondesc_telepathy,Diğer varlıkları duvarların ardından hisset
action_arc_electric,Elektrik yayı
action_arc_fire,Ateş yayı
action_arc_gunpowder,Barut yayı
action_arc_poison,Zehir yayı
action_polymorph,Başkalaşım yükü
actiondesc_polymorph,Meeeee
action_berserk,Çılgın öfke
actiondesc_berserk,"Hedef vahşi bir öfkeye kapılır, yakındakilere saldırır ve 2x hasar artışı kazanır"
action_charm,Cezbetme
actiondesc_charm,"Hedef, büyücüye dost olur"
action_x_ray,Her şeyi gören göz
actiondesc_x_ray,Keşfedilmemiş yerleri gör. Ama her yeri değil...
action_x_ray_modifier,Röntgen düzenleyicisi
actiondesc_x_ray_modifier,Mermi karanlıkta yolu aydınlatır
action_acid,Asit
actiondesc_acid,Mermiler çarpınca aside dönüşür
action_unstable_gunpowder,Çatapatlar
action_acid_trail,Asit izi
actiondesc_acid_trail,Merminin ardında asit izi bırakır
action_poison_trail,Zehir izi
actiondesc_poison_trail,Merminin ardında zehir izi bırakır
action_oil_trail,Yağ izi
actiondesc_oil_trail,Merminin ardında yağ izi bırakır
action_water_trail,Su izi
actiondesc_water_trail,Merminin ardında su izi bırakır
action_blood_trail,Kan izi
actiondesc_blood_trail,Merminin ardında kan izi bırakır
action_gunpowder_trail,Barut izi
actiondesc_gunpowder_trail,Merminin ardında barut izi bırakır
action_fire_trail,Ateş izi
actiondesc_fire_trail,Merminin ardında alevli parçacık izi bırakır
action_burn_trail,Yanıcı iz
actiondesc_burn_trail,Merminin ardında ateş kuyruğu bırakır
action_torch,Meşale
actiondesc_torch,Asanı bir güzel aydınlatır!
action_torch_electric,Elektrikli meşale
actiondesc_torch_electric,Asana parlak ama çok tehlikeli bir ışık verir!
action_light,Işık
actiondesc_light,Mermi çevresini aydınlatır
action_energy_shield,Enerji kalkanı
actiondesc_energy_shield,Gelen mermileri saptırır
action_energy_shield_sector,Enerji kalkanı dilimi
actiondesc_energy_shield_sector,Gelen mermileri saptırır
action_duplicate_on_death,Çoğaltma
actiondesc_duplicate_on_death,Mermi çarpınca kendini x2 kopyalar
action_bee,Arı
actiondesc_bee,Arı
action_duck,Ördek
actiondesc_duck,Ördek!
action_sheep,Koyun
actiondesc_sheep,Koyun!
action_misfire,Tekleme
actiondesc_misfire,1 büyüyü atar
action_misfire_critical,Tekleme (kritik)
actiondesc_misfire_critical,1 büyüyü kalıcı olarak yok eder
action_generate_random_deck_5,Rastgele deste oluştur (5)
actiondesc_generate_random_deck_5,Mevcut desteyi 5 kartlık rastgele bir desteyle değiştirir
action_testbullet,HATA AYIKLAMA MERMİSİ
actiondesc_testbullet,"Zayıf ama büyüleyici, kıvılcımlı bir mermi"
action_light_bullet,Kıvılcım oku
actiondesc_light_bullet,"Zayıf ama büyüleyici, kıvılcımlı bir mermi"
action_air_bullet,Hava patlaması
actiondesc_air_bullet,"Nesneleri güçlü biçimde itebilen, kırılgan bir hava patlaması"
action_light_bullet_trigger,Tetikleyicili kıvılcım oku
actiondesc_light_bullet_trigger,Çarpınca başka bir büyü yapan kıvılcım oku
action_light_bullet_trigger_2,Çift tetikleyicili kıvılcım oku
actiondesc_light_bullet_trigger_2,Çarpınca iki yeni büyü yapan kıvılcım oku
action_light_bullet_timer,Zamanlayıcılı kıvılcım oku
actiondesc_light_bullet_timer,Zamanlayıcısı dolunca başka bir büyü yapan kıvılcım oku
action_bullet,Büyülü ok
actiondesc_bullet,İşe yarar bir büyülü ok
action_bullet_trigger,Tetikleyicili büyülü ok
actiondesc_bullet_trigger,Çarpınca başka bir büyü yapan büyülü ok
action_bullet_timer,Zamanlayıcılı büyülü ok
actiondesc_bullet_timer,Zamanlayıcısı dolunca başka bir büyü yapan büyülü ok
action_heavy_bullet,Büyü oku
actiondesc_heavy_bullet,Güçlü bir büyü oku
action_heavy_bullet_trigger,Tetikleyicili büyü oku
actiondesc_heavy_bullet_trigger,Çarpınca başka bir büyü yapan güçlü bir büyü oku
action_heavy_bullet_timer,Zamanlayıcılı büyü oku
actiondesc_heavy_bullet_timer,Zamanlayıcısı dolunca başka bir büyü yapan güçlü bir büyü oku
action_slow_bullet,Enerji küresi
actiondesc_slow_bullet,Yavaş ama güçlü bir enerji küresi
action_slow_bullet_trigger,Tetikleyicili enerji küresi
actiondesc_slow_bullet_trigger,Çarpınca başka bir büyü yapan yavaş ama güçlü bir enerji küresi
action_slow_bullet_timer,Zamanlayıcılı enerji küresi
action_black_hole,Kara delik
actiondesc_black_hole,"Tüm engelleri yiyip geçen, yavaş bir boşluk küresi"
action_black_hole_big,Giga kara delik
actiondesc_black_hole_big,"Menzilindeki her şeyi yok eden, büyüyen bir negatif enerji küresi"
action_decoy,Yem
actiondesc_decoy,Düşmanların dikkatini dağıtan bir yem oluşturur
action_decoy_trigger,Tetikleyicili yem
actiondesc_decoy_trigger,Düşmanları oyalayan ve zamanlayıcısı dolunca başka bir büyü yapan yem oluşturur
action_spitter,Tükürük oku
actiondesc_spitter,Kısa ömürlü bir büyü oku
action_spitter_timer,Zamanlayıcılı tükürük oku
actiondesc_spitter_timer,Zamanlayıcısı dolunca başka bir büyü yapan kısa ömürlü büyü oku
action_bubbleshot,Kabarcık kıvılcımı
actiondesc_bubbleshot,"Seken, pek de isabetli olmayan bir büyü"
action_bubbleshot_trigger,Tetikleyicili kabarcık kıvılcımı
actiondesc_bubbleshot_trigger,"Çarpınca başka bir büyü yapan, seken ve pek isabetli olmayan bir büyü"
action_disc_bullet,Disk mermisi
actiondesc_disc_bullet,Keskin bir disk mermisi çağırır
action_bouncy_orb,Enerji topu
actiondesc_bouncy_orb,Kavis çizerek uçan hızlı bir mermi
action_bouncy_orb_timer,Zamanlayıcılı enerji topu
action_rubber_ball,Seken atış
actiondesc_rubber_ball,Pek bir seken mermi
action_arrow,Ok
actiondesc_arrow,Bir ok çağırır
action_lance,Parlayan mızrak
actiondesc_lance,Yumuşak malzemeleri kesip geçen büyülü bir mızrak
action_rocket,Büyülü füze
actiondesc_rocket,"Alevli, patlayıcı bir mermi"
action_rocket_tier_2,Büyük büyülü füze
actiondesc_rocket_tier_2,Büyülü füzenin daha güçlü sürümü
action_rocket_tier_3,Dev büyülü füze
actiondesc_rocket_tier_3,Büyülü füzenin en güçlü sürümü
action_grenade,Ateş oku
actiondesc_grenade,"Seken, patlayıcı bir ok"
action_grenade_tier_2,Büyük ateş oku
actiondesc_grenade_tier_2,Ateş okunun daha güçlü sürümü
action_grenade_tier_3,Dev ateş oku
actiondesc_grenade_tier_3,Ateş okunun en güçlü sürümü
action_grenade_trigger,Tetikleyicili ateş oku
actiondesc_grenade_trigger,"Çarpınca başka bir büyü yapan, seken ve patlayıcı bir ok"
action_grenade_anti,Tuhaf ateş oku
actiondesc_grenade_anti,"Biraz tuhaf, seken ve patlayıcı bir ok"
action_grenade_large,Düşen ok
actiondesc_grenade_large,"Çok ağır, patlayıcı bir ok"
action_mine,Kararsız kristal
actiondesc_mine,Biri yaklaşınca patlayan kristal. Misafir sevmez
action_mine_death_trigger,Tetikleyicili kararsız kristal
actiondesc_mine_death_trigger,Biri yaklaşınca patlayan ve başka bir büyü yapan kristal
action_pipe_bomb,Uyuyan kristal
actiondesc_pipe_bomb,Bir patlamaya yakalanınca patlayan kristal
action_pipe_bomb_death_trigger,Tetikleyicili uyuyan kristal
actiondesc_pipe_bomb_death_trigger,Bir patlamaya yakalanınca patlayan ve başka bir büyü yapan kristal
action_exploding_deer,Geyik yem çağır
actiondesc_exploding_deer,Görünüşte zararsız bir geyik çağırır. Görünüşte
action_pipe_bomb_detonator,Uyuyan kristalleri patlat
actiondesc_pipe_bomb_detonator,Yakındaki tüm uyuyan kristaller patlar
action_laser,Yoğunlaştırılmış ışık
actiondesc_laser,Noktaya odaklanmış bir ışık huzmesi
action_lightning,Şimşek oku
actiondesc_lightning,Doğanın kadim gücü
action_digger,Kazma oku
actiondesc_digger,Madencilik için ideal bir ok
action_powerdigger,Kazma patlaması
actiondesc_powerdigger,Daha güçlü kazı
action_chainsaw,Motorlu testere
action_tentacle,Dokunaç çağır
actiondesc_tentacle,Başka bir boyuttan korkunç bir uzuv çağırır
action_tentacle_timer,Zamanlayıcılı dokunaç çağır
actiondesc_tentacle_timer,Başka bir boyuttan korkunç bir uzuv çağırır! Zamanlayıcısı da var
action_heal_bullet,Şifa oku
action_spiral_shot,Sarmal atış
actiondesc_spiral_shot,Büyü kıvılcımlarından mistik bir kasırga
action_fireball,Ateş topu
actiondesc_fireball,"Güçlü, patlayan bir büyü"
action_meteor,Meteor
actiondesc_meteor,Göklerden gelen yıkıcı bir mermi!
action_flamethrower,Alev püskürtücü
actiondesc_flamethrower,Ateş akışı!!
action_icethrower,Buz püskürtücü
actiondesc_icethrower,Buz akışı!!
action_slimeball,Balçık topu
actiondesc_slimeball,Damlayan zehirli balçık topu
action_darkflame,Karanlık alev yolu
actiondesc_darkflame,"Karanlık, ölümcül alevlerden bir iz"
action_missile,Füze çağır
actiondesc_missile,Bir füze!!!
action_pebble,Taş ruhu çağır
actiondesc_pebble,Kendi başına hareket eden bir taş müttefik çağırır
action_dynamite,Dinamit
actiondesc_dynamite,Küçük bir patlayıcı çağırır
action_bomb_legacy,Bomba
actiondesc_bomb_legacy,Zemini gayet verimli yok eden bir bomba çağırır
action_bomb,Bomba
actiondesc_bomb,Zemini gayet verimli yok eden bir bomba çağırır
action_bomb_holy,Kutsal bomba
actiondesc_bomb_holy,Bir bomba çağırır ki... şey...
action_knife,Fırlatma bıçağı
actiondesc_knife,Çok ölümcül!
action_crumbling_earth,Deprem
actiondesc_crumbling_earth,Yerin öfkesini çağırır
action_circleshot_a,Çember atışı
actiondesc_circleshot_a,Mermiler çember düzeninde uçar
action_circleshot_b,Sarmal atış
actiondesc_circleshot_b,Mermiler sarmal düzeninde uçar
action_acidshot,Asit topu
actiondesc_acidshot,Korkunç bir asit mermisi
action_thunderball,Şimşek yükü
actiondesc_thunderball,Muazzam miktarda elektrik depolayan bir mermi
action_bloomshot,Balçık yayı
actiondesc_bloomshot,Bununla birlikte yapılan büyülerin arasında balçık yayları akar
action_icecircle,Buz çemberi
actiondesc_icecircle,Çember düzeninde buzlu mermiler atar
action_firebomb,Ateş bombası
actiondesc_firebomb,"Yavaş, alevli bir ok"
action_soilball,Toprak parçası
actiondesc_soilball,Altına toprak etme
action_pink_orb,Güdümlü küre
actiondesc_pink_orb,"Tehlikeli, güdümlü bir küre"
action_death_cross,Ölüm haçı
actiondesc_death_cross,Kısa süre sonra patlayan ölümcül bir enerji haçı
action_plasma_flare,Plazma parlaması
actiondesc_plasma_flare,Hızla ivmelenen büyülü bir mermi
action_keyshot,Anahtar atışı
actiondesc_keyshot,Güçlü bir mermi. Olağandışı hiçbir şey yok
action_mana,Mana
actiondesc_mana,Ek mana
action_skull,Kafatası
actiondesc_skull,Korkunç kafatası!!!
action_material_debug,Hata ayıklama malzemesi atar
actiondesc_material_debug,YALNIZCA HATA AYIKLAMA MODUNDA KULLANILIR!
action_material_liquid,Sıvı atar
actiondesc_material_liquid,"Sıvıya bırak, sonra ateşle!"
action_mist_radioactive,Zehirli sis
actiondesc_mist_radioactive,Zehirli bir sis bulutu
action_mist_alcohol,İspirto sisi
actiondesc_mist_alcohol,Sert alkolden bir bulut
action_mist_slime,Balçık sisi
actiondesc_mist_slime,Balçıklı bir sis bulutu
action_mist_blood,Kan sisi
actiondesc_mist_blood,Kanlı bir sis bulutu
action_circle_fire,Ateş çemberi
actiondesc_circle_fire,Yanan havadan genişleyen bir çember
action_circle_acid,Asit çemberi
actiondesc_circle_acid,Damlayan asitten genişleyen bir çember
action_circle_oil,Yağ çemberi
actiondesc_circle_oil,Kaygan yağdan genişleyen bir çember
action_circle_water,Su çemberi
actiondesc_circle_water,Sudan genişleyen bir çember
action_material_water,Su
actiondesc_material_water,Yoktan su damlaları oluşturur
action_material_oil,Yağ
actiondesc_material_oil,Yoktan yağ damlaları oluşturur
action_material_blood,Kan
actiondesc_material_blood,Kan kan kan
action_material_acid,Asit
actiondesc_material_acid,Yoktan asit damlaları oluşturur
action_material_cement,Çimento
actiondesc_material_cement,Yoktan ıslak çimento damlaları oluşturur
action_material_lava,Lav
actiondesc_material_lava,Yoktan lav kütleleri oluşturur
action_material_gunpowder_explosive,Patlayıcı barut
actiondesc_material_gunpowder_explosive,Yoktan barut taneleri oluşturur
action_material_dirt,Toprak
actiondesc_material_dirt,Yoktan toprak taneleri oluşturur
action_building_board_wood,Ahşap kalıp
actiondesc_building_board_wood,Çimentolu inşaatta işe yarar. YENİLENMEK İÇİN GÜNEŞ ENERJİSİ GEREKİR.
action_building_back_wall_rock,Arka duvar (taş)
actiondesc_building_back_wall_rock,Yapısal destek sağlar. YENİLENMEK İÇİN GÜNEŞ ENERJİSİ GEREKİR.
action_building_pressure_plate,Basınç plakası
actiondesc_building_pressure_plate,YAPILACAK
action_building_physics_templedoor,Tapınak kapısı
actiondesc_building_physics_templedoor,YAPILACAK
action_teleport_projectile,Işınlanma oku
actiondesc_teleport_projectile,Seni uçup vardığı yere götüren büyülü bir ok
action_teleport_home,Eve ışınlan
actiondesc_teleport_home,"Her yönde birer kez kullanılabilen, yüzeye açılan bir geçit oluşturur"
action_levitation_projectile,SÜZÜLME mermisi
actiondesc_levitation_projectile,Havada süzülme işleri
action_nuke,Nükleer bomba
actiondesc_nuke,Siper al!
action_high_explosive,TNT
actiondesc_high_explosive,"Son derece güçlü, patlayıcı bir mermi"
action_drone,Dron
actiondesc_drone,Daha güçlü kazı
action_baab_is,ŞUDUR
action_baab_all,HEPSİ
action_baab_empty,HEPSİ
action_baab_lava,LAV
action_baab_water,SU
action_baab_poop,KAKA
action_baab_love,SEVGİ
action_firework,Havai fişekler!
actiondesc_firework,"Alevli, patlayıcı bir mermi"
projectile_default,mermi
perk_critical_hit,Kritik Vuruş +
perkdesc_critical_hit,Daha sık kritik vuruş yaparsın.
perk_breath_underwater,Nefese Gerek Yok
perkdesc_breath_underwater,Artık boğulmazsın ve sıvılarda rahatça hareket edersin.
perk_extra_money,Açgözlülük
perkdesc_extra_money,Her altın parçasından iki kat altın kazanırsın.
perk_extra_money_trick_kill,Kurnaz Açgözlülük
perkdesc_extra_money_trick_kill,Kazayla ölen düşmanlar 4x altın düşürür; 2x yerine. Kaza tutanağı sana ait.
perk_hover_boost,Güçlü Havalanma
perkdesc_hover_boost,%100 daha uzun süre uçabilirsin.
perk_movement_faster,Hızlı Hareket
perkdesc_movement_faster,Hareket hızın artar.
perk_repelling_cape,Leke Savar Pelerin
perkdesc_repelling_cape,Hareket ederken üzerindeki lekeler hızla dökülür.
perk_exploding_corpses,Patlayan Cesetler
perkdesc_exploding_corpses,Düşmanlar ölünce patlar; ama patlama hasarına bağışıklık kazanırsın. Son sözleri biraz gürültülü.
perk_saving_grace,Son Anda Kurtuluş
perkdesc_saving_grace,1'den fazla canın varken ölümcül hasar alırsan ölmek yerine canın 1'e iner.
perk_invisibility,Görünmezlik
perkdesc_invisibility,"Görünmezsin. Lekelenmek, büyü yapmak, tekme atmak ve hasar almak seni geçici olarak görünür kılar."
perk_global_gore,Daha Çok Kan
perkdesc_global_gore,"Kan, kan, kan. Dekorasyon tamam."
perk_no_damage_flash,Hasar Parlaması Yok
perkdesc_no_damage_flash,Acı kaçınılmazdır; hasar parlaması tercihe bağlı.
perk_reverse_slowdown,Kaygan Sümük
perkdesc_reverse_slowdown,Sümük seni yavaşlatmak yerine hızlandırır.
perk_extra_hp,Ek Can (Tek Kullanımlık)
perkdesc_extra_hp,Azami canın %50 artar.
perk_glass_cannon,Cam Top
perkdesc_glass_cannon,Büyülerin 5 kat güçlenir; ama azami canın 50 olur ve normal kalplerle artırılamaz. Ambalajı kırılgan.
perk_respawn,Ek Hayat (Tek Kullanımlık)
perkdesc_respawn,Öldüğünde 100 canla yeniden doğarsın.
perk_protection_fire,Ateş Bağışıklığı
perkdesc_protection_fire,Ateşten hasar almazsın.
perk_protection_radioactivity,Zehir Bağışıklığı
perkdesc_protection_radioactivity,Zehirli çamurdan ve diğer zehirli şeylerden hasar almazsın.
perk_protection_explosion,Patlama Bağışıklığı
perkdesc_protection_explosion,Patlamalardan doğrudan hasar almazsın.
perk_protection_melee,Yakın Dövüş Bağışıklığı
perkdesc_protection_melee,Düşmanların yakın mesafe saldırılarından hasar almazsın.
perk_protection_electricity,Elektrik Bağışıklığı
perkdesc_protection_electricity,Elektrik çarpmalarından hasar almazsın.
perk_teleportitis,Işınlanma Nöbeti
perkdesc_teleportitis,%20 daha az hasar alırsın. Her yaralandığında başka yere ışınlanırsın. Acil çıkışın adresi belirsiz.
perk_stainless_armour,Lekesiz Zırh
perkdesc_stainless_armour,Üzerinde etkin bir leke etkisi yokken %50 daha az hasar alırsın.
perk_edit_wands_everywhere,Her Yerde Asa Düzenle
perkdesc_edit_wands_everywhere,İlahi bir lütuf sayesinde asalarını her yerde düzenleyebilirsin.
perk_projectile_homing,Güdümlü Atışlar
perkdesc_projectile_homing,Büyülerin düşmanlara doğru hafifçe yönelir.
perk_freeze_field,Dondurma Alanı
perkdesc_freeze_field,Yakınındaki sıvılar donar.
perk_dissolve_powders,Tozları Çözündür
perkdesc_dissolve_powders,"Yakınındaki kum ve diğer yumuşak, tozlu maddeler hızla çözünür."
perk_bleed_slime,Sümük Kanı
perk_shield,Kalıcı Kalkan
perkdesc_shield,Küçük ve kalıcı bir kalkan kazanırsın.
perk_revenge_explosion,İntikam Patlaması
perkdesc_revenge_explosion,Hasar alınca büyülü bir patlama yayarsın ve patlamalara karşı %25 direnç kazanırsın.
perk_electricity,Elektrik
perkdesc_electricity,Elektrik hasarına bağışıksın; ama çevrendeki metal ve sıvılar sürekli elektriklenir. Dikkat et!
perk_mystery_eggplant,Gizemli Patlıcan
perkdesc_mystery_eggplant,Kolay kırılır. Patlıcan da olsan hayat zor.
perk_double_hp,"İki Kat Can, Yenilenme Yok"
perkdesc_double_hp,Azami canın ikiye katlanır; ama mermilerden %20 daha fazla hasar alırsın.
perk_berserk,Gözü Dönmüş
perkdesc_berserk,Canın azaldıkça büyülerinin hasarı artar; en fazla +%300 ek hasar verir.
perk_shuffle_wands,Asaları Karıştır
perkdesc_shuffle_wands,Tüm asaların yaklaşık aynı güçte rastgele asalarla değiştirilir.
perk_heavy_ammo,Ağır Mühimmat
perkdesc_heavy_ammo,2 güçlü büyüden oluşan bir seçki kazanırsın.
perk_liquid_movement,Sıvıda Hareket
perkdesc_liquid_movement,Sıvılar hareketini hiç etkilemez.
perk_faster_swimming,Hızlı Yüzme
perkdesc_faster_swimming,Daha hızlı yüzersin.
perk_extra_shop_item,Kutsal Dağ'da Ek Eşya
perkdesc_extra_shop_item,Henüz keşfetmediğin her Kutsal Dağ'da fazladan bir eşya bulunur.
perk_poison_burn,Yanan Zehir
perkdesc_poison_burn,Mermilerin zehirlenmiş düşmanları tutuşturabilir.
perk_low_gravity,Düşük Yerçekimi
perkdesc_low_gravity,Sen dahil tüm canlıların kişisel yerçekimi azalır.
perk_destruction_enhancement,Gelişmiş Yıkım
perkdesc_destruction_enchancement,Çevreyi daha etkili biçimde yok edebilirsin.
perk_damaging_aura,Hasar Aurası
perkdesc_damaging_aura,Büyülerin isabet etmese bile yakındaki düşmanlara hasar verir.
perk_thunder_kick,Yıldırım Tekmesi
perkdesc_thunder_kick,Tekmelerin çoğu düşmanı anında öldürür ve nesneleri daha sert iter.
perk_vision,Gelişmiş Görüş
perkdesc_vision,Karanlığın daha derinlerini görebilirsin.
perk_telepathic_vision,Telepatik Varlık
perkdesc_telepathic_vision,Karanlık ortadan kalkar; ama düşmanlar nerede olduğunu hep bilir.
perk_no_more_knockback,Savrulma Yok
perkdesc_no_more_knockback,Düşmanlar artık seni geriye savuramaz.
perk_knockback_control,Savrulma Kontrolü
perkdesc_knockback_control,Savrulurken yönünü kontrol edebilirsin.
perk_roll_again,Yeniden Çekiliş
perkdesc_roll_again,Seçebileceğin yeni bir yetenek grubu elde edersin.
perk_reveal_secrets,Sırları Açığa Çıkar
perkdesc_reveal_secrets,"Sandıklar, kalpler ve diğer eşyalar karanlıkta parlar."
perk_potion_drop,İksir Düşürme
perkdesc_potion_drop,Düşmanlar ölünce rastgele bir iksir düşürebilir.
perk_mystery_egg,Gizemli Yumurta
perkdesc_mystery_egg,İçinden bir şey çıkabilir! Kahvaltı garantisi yok.
perk_gold_no_disappear_while_seen,Altın Göz
perkdesc_gold_no_disappear_while_seen,"Altın, görünür olduğu sürece kaybolmaz."
perk_mana_discount,Mana İndirimi
perkdesc_mana_discount,Tüm büyüler %50 daha az mana harcar.
perk_juggernaut,Ezici Büyüler
perkdesc_juggernaut,Mermilerin %30 daha fazla hasar verir; ama %30 daha yavaştır.
perk_big_potions,Büyük İksirler
perkdesc_big_potions,Bulduğun iksirler iki kat sıvı içerir.
perk_extra_charges,Ek Kullanımlar
perkdesc_extra_charges,Kullanımı sınırlı büyüleri iki kat daha fazla kullanabilirsin.
perk_fast_projectiles,Hızlı Mermiler
perkdesc_fast_projectiles,Mermi büyülerin eskisinden daha hızlı uçar.
perk_deadly_environment,Ölümcül Çevre
perkdesc_deadly_environment,"Canlılar zehirden, diğer sıvılardan, ateşten ve benzer etkilerden daha fazla hasar alır."
perk_cursed_power,Lanetli Güç
perkdesc_cursed_power,Tüm asaların ek hasar kazanır; ama artık düzenlenemez. Küçük yazılar böyle.
perk_randomize_spells,Büyüleri Rastgeleleştir
perkdesc_randomize_spells,Envanterindeki tüm büyüler rastgele büyülerle değiştirilir.
perk_personal_raincloud,Kişisel Yağmur Bulutu
perkdesc_personal_raincloud,Bir su birikintisinde dururken su toplarsın. Seni izleyen buluta ateş edersen topladığın su dökülür.
perk_helper_orb,Yardımcı Küre
perkdesc_helper_orb,Yakınında uçan bir küre düşmanlarına saldırır.
perk_extra_wand_slot,Ek Asa Yuvası
perkdesc_extra_wand_slot,Fazladan bir asa taşıyabilirsin.
perk_extra_potion_slot,Ek Eşya Yuvası
perkdesc_extra_potion_slot,Fazladan bir eşya taşıyabilirsin.
perk_extra_action_storage,Ek Büyü Yuvaları
perkdesc_extra_action_storage,Büyüler için daha fazla yer kazanırsın.
perk_persuasion,İkna
perkdesc_persuasion,Canı az kalan düşmanlar senin için savaşmaya başlayabilir.
perk_permanent_flying,Yerler Lav
perkdesc_permanent_flying,Sonsuza dek uçabilirsin; ama yerde durmak zamanla sana hasar verir.
perk_melt,Eriyen Cesetler
perkdesc_melt,Düşmanlarının cesetleri eriyip sümüğe dönüşür.
perk_double_cast,Çift Büyü
perkdesc_double_cast,Asaların her kullanımda fazladan bir büyü yapar.
perk_ability_actions_materialized,Cisimleşen Bombalar
perkdesc_ability_actions_materialized,Bomba türü büyüler envanterdeki EŞYALAR alanına konabilir ve fırlatılabilir eşyalar gibi kullanılabilir.
mat_air,hava
mat_fire,ateş
mat_spark,kıvılcım
mat_spark_green,kıvılcım
mat_spark_blue,kıvılcım
mat_spark_red,kıvılcım
mat_spark_white,kıvılcım
mat_spark_yellow,kıvılcım
mat_spark_purple,kıvılcım
mat_spark_player,kıvılcım
mat_spark_teal,kıvılcım
mat_spark_electric,elektrik kıvılcımı
mat_flame,ateş
mat_sand_static,zemin
mat_sand_static_rainforest,bereketli zemin
mat_bone_static,kemik duvar
mat_rust_static,paslı metal
mat_sand_static_bright,granit zemin
mat_sand_static_red,paslı zemin
mat_nest_static,yuva
mat_bluefungi_static,mavi mantar
mat_cheese_static,peynir
mat_rock_static,kaya
mat_rock_static_intro,kaya
mat_water_static,su
mat_endslime_static,cehennem sümüğü
mat_slime_static,sümük
mat_rock_hard,yoğun kaya
mat_rock_static_noedge,kaya
mat_rock_hard_border,aşırı yoğun kaya
mat_rock_magic_gate,büyülü geçit
mat_rock_magic_bottom,büyülü duvar
mat_rock_eroding,aşınan kaya
mat_rock_vault,kasa kayası
mat_coal_static,kömür damarı
mat_rock_static_grey,gri kaya
mat_rock_static_radioactive,toksik kaya
mat_rock_static_poison,zehirli kaya
mat_skullrock,cehennem kayası
mat_rock_static_wet,nemli kaya
mat_lavarock_static,volkanik kaya
mat_lava,lav
mat_meteorite_static,göktaşı
mat_templerock_static,tuğla örgü
mat_templebrick_static,tuğla örgü
mat_templebrick_noedge_static,tuğla örgü
mat_templebrick_thick_static,tuğla örgü
mat_templebrickdark_static,tuğla örgü
mat_templeslab_static,tuğla örgü
mat_templeslab_crumbling_static,tuğla örgü
mat_glowstone,parıldayan taş
mat_glowstone_altar,parıldayan taş
mat_glowstone_potion,parıldayan taş
mat_templebrick_red,tuğla örgü
mat_templebrick_moss_static,yosunlu tuğla örgü
mat_the_end,cehennem kayası
mat_steel_static,çelik
mat_steelmoss_static,yosunlu çelik
mat_steelmoss_slanted,yosunlu çelik
mat_steelsmoke_static,tüten çelik
mat_steelpipe_static,metal boru
mat_steel_static_strong,yoğun çelik
mat_steel_static_unmeltable,sertleştirilmiş çelik
mat_rock_static_glow,parıldayan madde
mat_snow_static,sıkışmış kar
mat_ice_static,buz
mat_rock_static_intro_breakable,kaya
mat_ice_blood_static,donmuş kan
mat_ice_acid_static,donmuş asit
mat_ice_cold_static,buz
mat_ice_radioactive_static,toksik buz
mat_ice_meteor_static,buz
mat_tubematerial,neon tüpü
mat_glass_static,cam
mat_waterrock,kaya
mat_ice_glass,buz
mat_tube_physics,neon tüpü
mat_ice_acid_glass,donmuş asit
mat_ice_cold_glass,buz
mat_ice_radioactive_glass,toksik buz
mat_ice_glass_b2,buz
mat_glass_brittle,kırılgan cam
mat_snowrock_static,donmuş kaya
mat_concrete_static,beton
mat_wood_static,odun
mat_wood_static_wet,nemli odun
mat_creepy_liquid_emitter,tuğla duvar
mat_gold_static,altın damarı
mat_gold_static_dark,canlı altın damarı
mat_wood_static_vertical,odun
mat_wood_static_gas,basınçlı odun
mat_corruption_static,yozlaşmış kaya
mat_smoke,duman
mat_smoke_explosion,duman
mat_steam,buhar
mat_acid_gas,yanıcı gaz
mat_acid_gas_static,yanıcı gaz
mat_smoke_static,duman
mat_poison_gas,zehir gazı
mat_fungal_gas,mantar gazı
mat_blood_cold_vapour,dondurucu buhar
mat_sand_herb_vapour,acayip buhar
mat_radioactive_gas,toksik gaz
mat_radioactive_gas_static,toksik gaz
mat_water,su
mat_water_fading,su
mat_water_salt,tuzlu su
mat_water_temp,su
mat_water_ice,soğuk su
mat_water_swamp,bataklık
mat_oil,yağ
mat_liquid_fire_weak,sıvı ateş
mat_alcohol,viski
mat_midas_precursor,simya öncülü
mat_midas,Midas iksiri
mat_magic_liquid,geçit açıcı
mat_magic_liquid_teleportation,ışınlanıyum
mat_magic_liquid_hp_regeneration,şifayum
mat_magic_liquid_hp_regeneration_unstable,canlı karışım
mat_magic_liquid_polymorph,polimorfin
mat_magic_liquid_random_polymorph,kaotik polimorfin
mat_magic_liquid_berserk,kuduruyum
mat_magic_liquid_charm,feromon
mat_magic_liquid_invisibility,görünmezyum
mat_cloud,bulut
mat_cloud_radioactive,toksik sis
mat_cloud_alcohol,alkol sisi
mat_cloud_blood,kan sisi
mat_cloud_slime,sümük sisi
mat_swamp,bataklık
mat_mud,çamur
mat_blood_fading_slow,mantar kanı
mat_blood_worm,solucan kanı
mat_blood_cold,dondurucu sıvı
mat_radioactive_liquid,toksik çamur
mat_radioactive_liquid_fading,toksik çamur
mat_plasma_fading,büyülü sıvı
mat_plasma_fading_green,büyülü sıvı
mat_plasma_fading_pink,büyülü sıvı
mat_gold_molten,erimiş altın
mat_steel_static_molten,erimiş çelik
mat_steelmoss_slanted_molten,erimiş çelik
mat_steelmoss_static_molten,erimiş çelik
mat_steelsmoke_static_molten,erimiş çelik
mat_metal_molten,erimiş metal
mat_metal_rust_molten,erimiş metal
mat_metal_nohit_molten,erimiş metal
mat_aluminium_molten,erimiş alüminyum
mat_aluminium_robot_molten,erimiş alüminyum
mat_metal_prop_molten,erimiş metal
mat_steel_rust_molten,erimiş çelik
mat_aluminium_oxide_molten,erimiş alüminyum
mat_wax_molten,erimiş balmumu
mat_silver_molten,erimiş gümüş
mat_copper_molten,erimiş bakır
mat_brass_molten,erimiş pirinç
mat_glass_molten,erimiş cam
mat_glass_broken_molten,erimiş cam
mat_steel_molten,erimiş metal
mat_creepy_liquid,ürkütücü sıvı
mat_cement,çimento
mat_sand,kum
mat_sand_blue,mavi kum
mat_lavasand,volkanik kum
mat_bone,kemik tozu
mat_soil,toprak
mat_soil_dead,çorak toprak
mat_sandstone,kumtaşı
mat_fungisoil,mantarlı toprak
mat_honey,bal
mat_pea_soup,bezelye çorbası
mat_endslime,cehennem sümüğü
mat_endslime_blood,cehennem sümüğü
mat_explosion_dirt,toprak
mat_vine,sarmaşık
mat_root,sarmaşık
mat_snow,kar
mat_rotten_meat,çürük et
mat_meat_slime_sand,sümüksü et
mat_meat_slime_green,yeşil sümüksü et
mat_meat_slime_orange,sümüksü et
mat_rotten_meat_radioactive,toksik et
mat_meat_worm,solucan eti
mat_ice,buz
mat_wax,balmumu
mat_gold,altın
mat_gold_radioactive,toksik altın
mat_copper,bakır
mat_silver,gümüş
mat_coal,kömür
mat_brass,pirinç
mat_burning_powder,yanan toz
mat_sodium_unstable,ıslak sodyum
mat_gunpowder,barut
mat_gunpowder_tnt,barut
mat_gunpowder_unstable,barut
mat_gunpowder_unstable_boss_limbs,sümüksü et
mat_plastic_red,plastik
mat_plastic_red_molten,erimiş plastik
mat_plastic_molten,erimiş plastik
mat_plastic_prop_molten,erimiş plastik
mat_grass,çimen
mat_moss,yosun
mat_moss_rust,paslı yosun
mat_fungi_green,mantar
mat_spore,tohum
mat_plant_material_red,tohum
mat_ceiling_plant_material,tohum
mat_mushroom_seed,mantar sporu
mat_plant_seed,bitki tohumu
mat_mushroom,mantar sporu
mat_mushroom_giant_red,mantar sporu
mat_mushroom_giant_blue,mantar sporu
mat_bush_seed,herdem yeşil bitki tohumu
mat_acid,asit
mat_wood_player_b2,odun
mat_wood_player_b2_vertical,odun
mat_wood,odun
mat_fuse,bomba
mat_fuse_tnt,TNT
mat_fuse_holy,kutsal madde
mat_templebrick_box2d,tuğla örgü
mat_wood_trailer,odun
mat_wood_wall,odun
mat_cactus,çimen
mat_grass_loose,mantar maddesi
mat_wood_prop,odun
mat_wood_prop_durable,dayanıklı odun
mat_nest_box2d,yuva
mat_cocoon_box2d,koza
mat_wood_loose,odun
mat_rock_loose,kaya
mat_ice_ceiling,buz
mat_brick,tuğla duvar
mat_concrete_collapsed,çökmüş beton
mat_tnt,TNT
mat_trailer_text,yazı
mat_meteorite,göktaşı
mat_meteorite_crackable,göktaşı
mat_meteorite_green,yeşil göktaşı
mat_steel,çelik
mat_steel_rust,paslı çelik
mat_metal_rust_rust,paslı metal
mat_metal_rust_barrel_rust,paslı metal
mat_plastic,plastik
mat_aluminium,alüminyum
mat_metal_prop,metal
mat_metal,metal
mat_rock_box2d_hard,kaya
mat_rock_box2d_nohit,kaya
mat_rock_box2d_nohit_hard,yoğun kaya
mat_rock_static_box2d,kaya
mat_rock_box2d,kaya
mat_item_box2d,eşya
mat_gem_box2d,mücevher
mat_potion_glass_box2d,cam
mat_glass_box2d,cam
mat_gem_box2d_pink,mücevher
mat_gem_box2d_red,mücevher
mat_gem_box2d_green,mücevher
mat_gem_box2d_orange,mücevher
mat_gold_box2d,altın
mat_metal_nohit,metal
mat_metal_rust,paslı metal
mat_metal_rust_barrel,paslı metal
mat_bone_box2d,kemik
mat_crystal,kristal
mat_crystal_purple,mor kristal
mat_crystal_magic,kristal
mat_aluminium_oxide,alüminyum
mat_meat,et
mat_urine,idrar
mat_poo,dışkı
mat_rocket_particles,duman
mat_ice_melting_perf_killer,buz
mat_ice_b2,buz
mat_glass,cam
mat_neon_tube_purple,neon tüpü
mat_neon_tube_cyan,neon tüpü
mat_neon_tube_blood_red,neon tüpü
mat_blood_thick,kan
mat_snow_b2,kar
mat_diamond,elmas
mat_meat_slime,sümüksü et
mat_concrete_sand,beton
mat_blood,kan
mat_blood_fading,kan
mat_gunpowder_explosive,barut
mat_fungi,mantar
mat_plant_material,bitki maddesi
mat_wood_player,odun
mat_wax_b2,balmumu
mat_physics_throw_material_part2,kim bilir
mat_fire_blue,ateş
mat_gold_b2,altın
mat_fungus_loose,mantar
mat_sodium,sodyum
mat_sulphur,kükürt
mat_salt,tuz
mat_steel_sand,çelik
mat_slime_green,sümük
mat_slime_pink,sümük
mat_soil_lush,toprak
mat_radioactive_liquid_yellow,toksik çamur
mat_liquid_fire,ateş
mat_smoke_magic,duman
mat_sand_herb,ot
biome_tower,Kule
biome_vault_frozen,Donmuş Kasa
biome_clouds,Bulut Diyarı
biome_liquidcave,Kadim Laboratuvar
biome_secret_lab,Terk Edilmiş Simya Laboratuvarı
biome_weathercrystal,Kristal Odası
mat_ice_poison_static,donmuş zehir
mat_ice_poison_glass,donmuş zehir
mat_ice_slime_static,donmuş sümük
mat_ice_slime_glass,donmuş sümük
mat_ice_blood_glass,donmuş kan
mat_void_liquid,boşluk sıvısı
mat_fungi_creeping,gizemli mantar
mat_purifying_powder,arındırıcı toz
mat_magic_crystal,büyülü kristal
mat_rock_static_cursed,lanetli kaya
mat_steelfrost_static,donmuş çelik
mat_slush,sulu kar
mat_poison,zehir
mat_alcohol_gas,viski buharı
mat_vomit,kusmuk
mat_blood_fungi,mantar kanı
mat_glowshroom,parıldayan mantar sporu
mat_fungi_trippy,acayip mantar
mat_sima,sima içeceği
mat_glass_liquidcave,temperli cam
mat_templebrick_static_ruined,harap tuğla duvar
mat_templebrick_brittle,kırılgan tuğla örgü
mat_rock_brittle,kırılgan kaya
mat_antidote,panzehir
mat_confusion,şaşırtıyum
mat_magic_liquid_movement_faster,hızlandırıyum
mat_magic_liquid_worm_attractor,solucan feromonu
mat_magic_liquid_protection_all,ambrosia
mat_magic_liquid_mana_regeneration,yoğunlaştırılmış mana
mat_meat_helpless,masum bir canlının eti
mat_meat_trippy,acayip et
mat_meat_cursed,lanetli et
mat_meat_slime_cursed,sümüksü lanetli et
mat_meat_teleport,ruhani et
mat_meat_polymorph,kararsız et
mat_meat_confusion,şüpheli et
mat_bloodgold_box2d,yakut
mat_magic_liquid_faster_levitation,havalanıyum
mat_magic_liquid_faster_levitation_and_movement,aceleyum
mat_magic_gas_hp_regeneration,şifa gazı
mat_meat_polymorph_protection,kokuşmuş et
animal_slimeshooter_weak,Cılız Sümük Atıcı
animal_wraith,Hyypiö (Ucube)
animal_wraith_glowing,Parıldayan Ucube
animal_necromancer_shop,Stevari (Bekçi)
animal_mine,Kara Mayını
animal_fungus_big,Nuijamalikka (Topuz Mantarı)
animal_lurker,Gölge Kabarcığı
animal_scavenger_invis,Gizlenen Hiisi
animal_scavenger_shield,Kalkanlı Hiisi
animal_frog_big,Dev Kurbağa
animal_tank_super,Lazer Tankı
animal_plague_rats_rat,Veba Sıçanı
animal_giantshooter_weak,Cılız Ana Sümük
animal_acidshooter_weak,Cılız Asitçi Sümük
animal_wraith_storm,Fırtına Ucubesi
animal_skycrystal_physics,Gök Kristali
animal_slimeshooter_nontoxic,Sümük Atıcı
animal_turret_right,Savunma Cihazı
animal_turret_left,Savunma Cihazı
animal_necromancer,Suret Değiştirici
animal_lukki_tiny,Minik Örümcek
animal_spearbot,Mızrak Bekçisi
animal_ultimate_killer,Dehşet Canavarı
animal_goblin_bomb,Sähikäismenninkäinen (Patırtı Cini)
animal_pebble_physics,Lohkare (Kaya)
animal_chest_leggy,Bacaklı Bavul
animal_boss_centipede,Kolmisilmä (Üçgöz)
animal_failed_alchemist,Kayıp Simyacı
animal_failed_alchemist_b,Simyacımsı
animal_enlightened_alchemist,Aydınlanmış Simyacı
animal_lasergun,Lazer Topu
animal_monk,Keşiş
animal_statue,Heykel
animal_boss_alchemist,Başsimyacı
animal_wizard_returner,Geri Döndürme Ustası
animal_wizard_swapper,Yer Değiştirme Ustası
animal_drone_lasership,Dev Lazer İHA'sı
animal_shaman,Märkiäinen (Islakçı)
actiondesc_cloud_acid ,Asit yağmuru oluşturur 
actiondesc_damage_x2,Bununla birlikte yapılan büyüler iki kat hasar verir
actiondesc_damage_x5,Bununla birlikte yapılan büyüler beş kat hasar verir
actiondesc_unstable_gunpowder,Mermi kaybolurken çatapatlar saçar
actiondesc_slow_bullet_timer,Zamanlayıcısı dolunca başka bir büyü yapan yavaş ama güçlü bir enerji küresi
actiondesc_bouncy_orb_timer,"Zamanlayıcısı dolunca başka bir büyü yapan, kavis çizerek uçan hızlı mermi"
actiondesc_heal_bullet,Canlandırıcı güçleri olan büyülü bir ok
action_explosive_projectile,Patlayıcı mermi
action_explosion,Patlama
actiondesc_arc_electric,Mermiler arasında şimşek yayları oluşturur (2 mermi büyüsü gerekir)
actiondesc_arc_fire,Mermiler arasında ateş yayları oluşturur (2 mermi büyüsü gerekir)
actiondesc_arc_gunpowder,Mermiler arasında barut yayları oluşturur (2 mermi büyüsü gerekir)
actiondesc_arc_poison,Mermiler arasında zehir yayları oluşturur (2 mermi büyüsü gerekir)
action_death_cross_big,Giga ölüm haçı
actiondesc_death_cross_big,"Kısa süre sonra patlayan, dev ve ölümcül bir enerji haçı"
action_area_damage,Hasar alanı
actiondesc_area_damage,Mermiye yakındaki yaratıklara sürekli 3.5 hasar veren bir enerji alanı kazandırır
action_summon_rock,Taş
actiondesc_summon_rock,Yoktan kudretli bir taş yaratır
action_summon_egg,Yumurta çağır
actiondesc_summon_egg,İçinde dost bir yaratık bulunan yumurta çağırır
action_spitter_tier_2,Büyük tükürük oku
actiondesc_spitter_tier_2,Tükürük okunun daha güçlü sürümü
action_spitter_tier_2_timer,Zamanlayıcılı büyük tükürük oku
actiondesc_spitter_tier_2_timer,"Zamanlayıcısı dolunca başka bir büyü yapan, tükürük okunun daha güçlü sürümü"
action_spitter_tier_3,Dev tükürük oku
actiondesc_spitter_tier_3,Tükürük okunun en güçlü sürümü
action_spitter_tier_3_timer,Zamanlayıcılı dev tükürük oku
actiondesc_spitter_tier_3_timer,"Zamanlayıcısı dolunca başka bir büyü yapan, tükürük okunun en güçlü sürümü"
action_transmutation,Kaotik dönüşüm
actiondesc_transmutation,Merminin menzilindeki çeşitli sıvıları ve toz maddeleri başka bir şeye dönüştürür
action_toxic_to_acid,Zehirli çamuru aside çevir
actiondesc_toxic_to_acid,Merminin menzilindeki zehirli çamuru aside dönüştürür
action_summon_wandghost,Taikasauva çağır
actiondesc_summon_wandghost,Yardımına cinlenmiş bir asa çağırır
action_touch_gold,Altın dokunuşu
actiondesc_touch_gold,"Küçük bir alan içindeki her şeyi altına dönüştürür: duvarları, yaratıkları... seni de"
action_touch_water,Su dokunuşu
actiondesc_touch_water,"Küçük bir alan içindeki her şeyi suya dönüştürür: duvarları, yaratıkları... seni de"
action_touch_oil,Yağ dokunuşu
actiondesc_touch_oil,"Küçük bir alan içindeki her şeyi yağa dönüştürür: duvarları, yaratıkları... seni de"
action_touch_alcohol,İspirto dokunuşu
actiondesc_touch_alcohol,"Küçük bir alan içindeki her şeyi alkole dönüştürür: duvarları, yaratıkları... seni de"
action_touch_blood,Kan dokunuşu
actiondesc_touch_blood,"Küçük bir alan içindeki her şeyi kana dönüştürür: duvarları, yaratıkları... seni de"
action_touch_smoke,Duman dokunuşu
actiondesc_touch_smoke,"Küçük bir alan içindeki her şeyi dumana dönüştürür: duvarları, yaratıkları... seni de"
action_destruction,Yıkım
actiondesc_destruction,Canın pahasına çevrendeki düşmanları anında kırıp geçirir
action_projectile_transmutation_field,Mermi dönüşüm alanı
actiondesc_projectile_transmutation_field,Alana giren mermiler zararsız ufak yaratıklara dönüşür
action_chaotic_arc,Kaotik yol
actiondesc_chaotic_arc,"Mermi kafasına göre, kaotik biçimde uçar"
action_projectile_thunder_field,Mermi şimşek alanı
actiondesc_projectile_thunder_field,Alana giren mermiler şimşek patlamalarına dönüşür
action_projectile_gravity_field,Mermi çekim alanı
actiondesc_projectile_gravity_field,Alana giren mermiler merkeze çekilir
action_fly_downwards,Aşağı uç
actiondesc_fly_downwards,"Mermi, atıldıktan kısa süre sonra doğrudan aşağı yönelir"
action_fly_upwards,Yukarı uç
actiondesc_fly_upwards,"Mermi, atıldıktan kısa süre sonra doğrudan yukarı yönelir"
action_horizontal_arc,Yatay yol
actiondesc_horizontal_arc,"Mermiyi yatay bir yola zorlar, ama hasarını artırır"
action_luminous_drill,Işık matkabı
actiondesc_luminous_drill,"Noktaya odaklanmış, kısa menzilli yoğun ışık huzmesi"
action_luminous_drill_timer,Zamanlayıcılı ışık matkabı
actiondesc_luminous_drill_timer,"Zamanlayıcısı dolunca başka bir büyü yapan, noktaya odaklı kısa menzilli yoğun ışık huzmesi"
action_hitfx_explosion_slime,Balçıklı düşmanda patlama
actiondesc_hitfx_explosion_slime,Mermi balçığa bulanmış yaratıklara çarpınca patlar
action_hitfx_explosion_slime_giga,Balçıklı düşmanda dev patlama
actiondesc_hitfx_explosion_slime_giga,Mermi balçığa bulanmış yaratıklara çarpınca güçlü biçimde patlar
action_hitfx_explosion_alcohol,Sarhoş düşmanda patlama
actiondesc_hitfx_explosion_alcohol,Mermi alkole bulanmış yaratıklara çarpınca patlar
action_hitfx_explosion_alcohol_giga,Sarhoş düşmanda dev patlama
actiondesc_hitfx_explosion_alcohol_giga,Mermi alkole bulanmış yaratıklara çarpınca güçlü biçimde patlar
action_fireball_ray_enemy,Kişisel ateş topu fırlatıcı
actiondesc_fireball_ray_enemy,Mermi vurduğu yaratıkları canlı ateş topu fırlatıcılara dönüştürür
action_lightning_ray,Şimşek fırlatıcı
actiondesc_lightning_ray,Mermi rastgele yönlere şimşek atar
action_lightning_ray_enemy,Kişisel şimşek büyücüsü
actiondesc_lightning_ray_enemy,Mermi vurduğu yaratıkları canlı fırtınalara dönüştürür
action_tentacle_ray,Dokunaçlandırıcı
actiondesc_tentacle_ray,Mermi rastgele yönlere dokunaçlar çıkarır
action_tentacle_ray_enemy,Kişisel dokunaçlandırıcı
actiondesc_tentacle_ray_enemy,Merminin vurduğu yaratıklardan kaotik biçimde dokunaçlar çıkar
action_hitfx_toxic_charm,Zehirli çamurda cezbet
actiondesc_hitfx_toxic_charm,Mermi zehirli çamura bulanmış yaratıkları cezbeder
action_tentacle_portal,Tekinsiz geçit
actiondesc_tentacle_portal,Uğursuz bir diyara açılan tek yönlü geçit çağırır
action_static_to_sand,Zemini kuma çevir
actiondesc_static_to_sand,"Merminin menzilindeki sert, katı malzemeleri kuma dönüştürür"
action_gravity_field_enemy,Kişisel çekim alanı
actiondesc_gravity_field_enemy,Merminin vurduğu yaratıklara mermileri çeken geçici bir çekim kuyusu verir
action_summon_hollow_egg,Boş yumurta çağır
actiondesc_summon_hollow_egg,"İçi boş olan, kırılınca bir büyü yapan yumurta çağırır"
action_buckshot,Üçlü ok
actiondesc_buckshot,"Üç küçük, hızlı oktan oluşan dizilim"
action_lifetime,Ömrü uzat
actiondesc_lifetime,Büyünün ömrünü uzatır
action_mana_reduce,Mana ekle
actiondesc_mana_reduce,Asaya 30 mana ekler
action_shortlived_shot,Kısa ömürlü büyü
actiondesc_shortlived_shot,"Merminin ömrünü çok kısaltır, ama hasarını artırır"
action_wall_horizontal,Yatay bariyer
actiondesc_wall_horizontal,"İçinden geçen yaratıklara zarar veren ince, yatay bir bariyer. Sen de dahilsin"
action_wall_vertical,Dikey bariyer
actiondesc_wall_vertical,"İçinden geçen yaratıklara zarar veren ince, dikey bir bariyer. Sen de dahilsin"
action_wall_square,Kare bariyer
actiondesc_wall_square,"İçinden geçen yaratıklara zarar veren ince, kare bir bariyer. Sen de dahilsin"
action_purple_explosion_field,Parıltı alanı
actiondesc_purple_explosion_field,Geniş bir alanda rastgele küçük patlamalar belirir
action_light_shot,Hafif atış
actiondesc_light_shot,"Mermiyi epey hızlandırır, ama hasarını azaltır"
action_commander_bullet,Komutan oku
actiondesc_commander_bullet,Komutan okuyla birlikte atılan mermiler ona çekilir. Atıldığında 3 ek büyü yapar
action_disc_bullet_big,Giga disk mermisi
actiondesc_disc_bullet_big,"Garip bir uçuş yolu izleyen büyük, dişli bir disk çağırır"
action_bounce_explosion,Patlayıcı sekme
actiondesc_bounce_explosion,Mermi sekerken patlar
action_rocket_downwards,Aşağı yönlü ok demeti
actiondesc_rocket_downwards,Mermi aşağı hareket eder etmez 5 patlayıcı oktan oluşan bir demete ayrılır
action_piercing_shot,Delici atış
actiondesc_piercing_shot,"Mermi düşmanların içinden geçer, ama büyücüye de zarar verebilir"
action_clipping_shot,Delme atışı
actiondesc_clipping_shot,Mermiye zeminin içinden geçme gücü verir
action_delayed_spell,Gecikmeli büyü
actiondesc_delayed_spell,"Kısa süre sonra 3 ek büyü yapan, sabit bir büyülü olgu"
action_turret_spell,Nöbetçi büyü
actiondesc_turret_spell,"Düşman yaklaşırsa 3 ek büyü yapan, sabit bir büyülü olgu"
action_accelerating_shot,Hızlanan atış
actiondesc_accelerating_shot,Mermi uçtukça hızlanır
action_avoiding_arc,Sakınan yay
actiondesc_avoiding_arc,Mermi engellerden çekinir. Temkinli vatandaş
action_lifetime_down,Ömrü kısalt
actiondesc_lifetime_down,Büyünün ömrünü kısaltır
action_long_distance_cast,Uzaktan büyü
actiondesc_long_distance_cast,Büyücünün biraz uzağında bir büyü yapar
action_teleport_cast,Işınlanan büyü
actiondesc_teleport_cast,En yakın düşmanın konumundan büyü yapar
action_heavy_spread,Yoğun saçılma
actiondesc_heavy_spread,"Merminin büyü gecikmesini çok azaltır, ama nişanını pek umursamaz"
action_ocarina_a,Okarina - A notası
actiondesc_ocarina_a,Kulakların şenlensin!
action_ocarina_b,Okarina - B notası
actiondesc_ocarina_b,Kulakların şenlensin!
action_ocarina_c,Okarina - C notası
actiondesc_ocarina_c,Kulakların şenlensin!
action_ocarina_d,Okarina - D notası
actiondesc_ocarina_d,Kulakların şenlensin!
action_ocarina_e,Okarina - E notası
actiondesc_ocarina_e,Kulakların şenlensin!
action_ocarina_f,Okarina - F notası
actiondesc_ocarina_f,Kulakların şenlensin!
action_ocarina_gsharp,Okarina - G# notası
actiondesc_ocarina_gsharp,Kulakların şenlensin!
action_ocarina_a2,Okarina - A2 notası
actiondesc_ocarina_a2,Kulakların şenlensin!
action_chain_bolt,Zincir oku
actiondesc_chain_bolt,Düşmandan düşmana atlayan gizemli bir ok atar
action_glitter_bomb,Parıltı bombası
actiondesc_glitter_bomb,Patlayıp kararsız parçalara ayrılan bir bomba çağırır
action_fireball_ray_line,Çift yönlü ateş topu fırlatıcı
actiondesc_fireball_ray_line,Mermi uçuş yoluna dik yönde küçük ateş topları atar
action_pingpong_path,Pinpon yolu
actiondesc_pingpong_path,Mermi ileri geri uçar
action_floating_arc,Süzülen yay
actiondesc_floating_arc,Mermi yerin üzerinde süzülür
action_teleport_projectile_static,Dönüş
actiondesc_teleport_projectile_static,Bir süre sonra bu büyüyü yaptığın yere geri dönersin
action_freezing_gaze,Dondurucu bakış
actiondesc_freezing_gaze,İnsanın yüreğini donduran uğursuz bir aura
action_glowing_bolt,Işık noktası
actiondesc_glowing_bolt,"Biraz sonra patlayan, aşırı yoğun bir ışık noktası"
action_random_explosion,Kaos büyüsü
actiondesc_random_explosion,Mermi bir şeye çarpınca sınırlı bir seçkiden rastgele bir büyü yapar
action_decelerating_shot,Yavaşlayan atış
actiondesc_decelerating_shot,Mermi uçtukça yavaşlar
action_rocket_octagon,Sekizgen ok demeti
actiondesc_rocket_octagon,Mermi yeterince yavaş ilerlerse 8 büyülü ok atar
action_blood_magic,Kan büyüsü
actiondesc_blood_magic,Dört can puanı karşılığında büyünün mana maliyetini ve yenilenme süresini büyük ölçüde azaltır
action_fizzle,Fıs
actiondesc_fizzle,Büyüye küçük bir kısa devre ihtimali verir
action_super_teleport_cast,Sıçrama büyüsü
actiondesc_super_teleport_cast,Büyü anında uzun bir mesafe sıçrar; duvarlar durdurur
action_bounce_laser,Yoğun ışık sekmesi
actiondesc_bounce_laser,Mermi sekerken yoğunlaştırılmış ışık demeti saçar
action_magic_shield,Büyülü koruma
actiondesc_magic_shield,Dört koruyucu ışık bir süre çevrende döner
action_big_magic_shield,Büyük büyülü koruma
actiondesc_big_magic_shield,Sekiz koruyucu ışık bir süre çevrende döner
action_swarm_fly,Sinek sürüsü çağır
actiondesc_swarm_fly,Savaşta yardımına beş sinek çağırır
action_swarm_firebug,Ateş böceği sürüsü çağır
actiondesc_swarm_firebug,Savaşta yardımına dört ateş böceği çağırır
action_swarm_wasp,Yaban arısı sürüsü çağır
actiondesc_swarm_wasp,Savaşta yardımına altı yaban arısı çağırır
action_friend_fly,Dost sinek çağır
actiondesc_friend_fly,Düşmanlarına saldıran dost bir sinek çağırır!
action_duplicate,Büyü çoğaltma
actiondesc_duplicate,Kendisinden önce yapılan her büyüyü çoğaltır
action_infestation,İstila
actiondesc_infestation,Her yöne uçan bir sürü büyülü kıvılcım
action_crumbling_earth_projectile,Deprem atışı
actiondesc_crumbling_earth_projectile,Mermi çarptığı zemini parçalar
action_random_spell,Rastgele büyü
actiondesc_random_spell,Rastgele bir büyü yapar; ne çıkarsa bahtına!
action_random_projectile,Rastgele mermi büyüsü
actiondesc_random_projectile,Rastgele bir mermi büyüsü yapar
action_random_modifier,Rastgele düzenleyici büyüsü
actiondesc_random_modifier,Rastgele bir düzenleyici büyüsü yapar
action_random_static_projectile,Rastgele sabit mermi büyüsü
actiondesc_random_static_projectile,Rastgele bir sabit mermi büyüsü yapar
action_draw_random,Rastgele büyüyü kopyala
actiondesc_draw_random,Asandaki büyülerden rastgele birini yapar
action_draw_random_x3,Rastgele büyüyü üç kez kopyala
actiondesc_draw_random_x3,Asandaki büyülerden rastgele birini üç kez yapar!
action_draw_3_random,Rastgele üç büyüyü kopyala
actiondesc_draw_3_random,Asandaki büyülerden rastgele üçünü yapar
action_damage_random,Rastgele hasar
actiondesc_damage_random,Mermi hasarını rastgele artırır veya azaltır
action_alpha,Alpha
actiondesc_alpha,Asandaki ilk büyünün bir kopyasını yapar
action_omega,Omega
actiondesc_omega,Asandaki her büyünün bir kopyasını yapar
action_gamma,Gamma
actiondesc_gamma,Asandaki son büyünün bir kopyasını yapar
action_divide_2,2'ye böl
actiondesc_divide_2,Sıradaki büyüyü azaltılmış hasarla iki kez yapar
action_divide_3,3'e böl
actiondesc_divide_3,Sıradaki büyüyü azaltılmış hasarla 3 kez yapar
action_divide_4,4'e böl
actiondesc_divide_4,Sıradaki büyüyü azaltılmış hasarla 4 kez yapar
action_divide_10,10'a böl
actiondesc_divide_10,Sıradaki büyüyü azaltılmış hasarla 10 kez yapar
action_all_nukes,Büyüleri nükleere çevir
actiondesc_all_nukes,Havadaki tüm mermileri nükleer bombaya çevirir. Pek parlak bir fikir sayılmaz
action_all_discs,Büyüleri giga testerelere çevir
actiondesc_all_discs,Havadaki tüm mermileri dev testere disklerine çevirir
action_all_blackholes,Büyüleri kara deliklere çevir
actiondesc_all_blackholes,Havadaki tüm mermileri kara deliğe çevirir
action_all_rockets,Büyüleri büyülü füzelere çevir
actiondesc_all_rockets,Havadaki tüm mermileri büyülü füzelere çevirir
action_all_deathcrosses,Büyüleri ölüm haçlarına çevir
actiondesc_all_deathcrosses,Havadaki tüm mermileri ölüm haçlarına çevirir
action_all_acid,Büyüleri aside çevir
actiondesc_all_acid,Havadaki tüm mermileri asit birikintilerine çevirir
action_all_spells,Her şeyin sonu
actiondesc_all_spells,Bu büyüyü yapmaman kuvvetle tavsiye edilir. Sonra demedi deme
action_add_trigger,Tetikleyici ekle
actiondesc_add_trigger,Mermi çarpınca başka bir büyü yapar
action_add_timer,Zamanlayıcı ekle
actiondesc_add_timer,Mermi kısa süre sonra başka bir büyü yapar
action_add_death_trigger,Ömür sonu tetikleyicisi ekle
actiondesc_add_death_trigger,Mermi ömrü bitince başka bir büyü yapar
action_copy_spell,Büyüyü kopyala
actiondesc_copy_spell,Yakınındaki bir mermiyi kopyalar
action_copy_field,Kopyalama alanı
actiondesc_copy_field,Yakınındaki tüm mermileri kopyalayan büyülü bir alan
action_larpa_chaos,Kaos larpa
actiondesc_larpa_chaos,Mermi kendisinin kopyalarını rastgele yönlere atar
action_larpa_downwards,Aşağı yönlü larpa
actiondesc_larpa_downwards,Mermi kendisinin kopyalarını aşağı yönlü bir yolda atar
action_larpa_upwards,Yukarı yönlü larpa
actiondesc_larpa_upwards,Mermi kendisinin kopyalarını yukarı yönlü bir yolda atar
action_delta,Delta
actiondesc_delta,Asandaki sıradaki büyünün bir kopyasını yapar
action_larpa_chaos_2,Kopya izi
actiondesc_larpa_chaos_2,Mermi ardında kendisinin kopyalarından bir iz bırakır
actiondesc_chainsaw,Et kesmek için iyi bir alet. Birkaç büyülü huyu da var...
action_spore_pod,Dikenli spor kesesi
actiondesc_spore_pod,Bir yüzeye tutunup büyüyen ve patlayarak dikenler saçan bir spor kesesi çağırır
action_energy_shield_shot,Mermi enerji kalkanı
actiondesc_energy_shield_shot,Mermiye diğer mermileri saptıran bir kalkan verir
action_autoaim,Otomatik nişan
actiondesc_autoaim,Mermi görünür durumdaki en yakın düşmana döner
action_homing_rotate,Düşmana yönel
actiondesc_homing_rotate,Mermi düşmanlarına döner
actiondesc_homing,Mermi düşmanlarına doğru hızlanır
action_swapper_projectile,Yer değiştirici
actiondesc_swapper_projectile,Öznel deneyimin kaynağının aktarılacağı düşünülüyordu… Meğer başından beri bütün beden gidiyormuş
action_propane_tank,Propan tüpü
actiondesc_propane_tank,Bir propan tüpü çağırır. Dilek tutarken dikkat et
action_megalaser,Yoğunlaştırılmış güçlü ışık
actiondesc_megalaser,Dev bir ışık huzmesi atan hayalet bir asa çağırır
action_bomb_cart,Bomba vagonu
actiondesc_bomb_cart,"Patlayıcı yüklü, kendi kendine ilerleyen bir maden vagonu çağırır"
action_tiny_ghost,Minik hayalet çağır
actiondesc_tiny_ghost,"Yardımına minik, cisimsiz bir varlık çağırır. Aldığın hasara bağlı olarak daha güçlü büyüler yapabilir"
action_bounce_spark,Kabarcıklı sekme
actiondesc_bounce_spark,Mermi sekerken kabarcık kıvılcımları atar
action_cursed_orb,Lanetli küre
actiondesc_cursed_orb,Vurduğu herkese uğursuzluk getiren bir mermi
action_kantele_a,Kantele - A notası
actiondesc_kantele_a,Kulakların şenlensin!
action_kantele_b,Kantele - B notası
actiondesc_kantele_b,Kulakların şenlensin!
action_kantele_c,Kantele - C notası
actiondesc_kantele_c,Kulakların şenlensin!
action_kantele_d,Kantele - D notası
actiondesc_kantele_d,Kulakların şenlensin!
action_kantele_e,Kantele - E notası
actiondesc_kantele_e,Kulakların şenlensin!
action_kantele_f,Kantele - F notası
actiondesc_kantele_f,Kulakların şenlensin!
action_kantele_gsharp,Kantele - G# notası
actiondesc_kantele_gsharp,Kulakların şenlensin!
action_kantele_a2,Kantele - A2 notası
actiondesc_kantele_a2,Kulakların şenlensin!
action_kantele_dis,Kantele - D# notası
actiondesc_kantele_dis,Kulakların şenlensin!
action_kantele_g,Kantele - G notası
actiondesc_kantele_g,Kulakların şenlensin!
perk_hearts_more_extra_hp,Güçlü Kalpler
perkdesc_hearts_more_extra_hp,Kalpler daha fazla azami can kazandırır.
perk_extra_perk,Ek Yetenek
perkdesc_extra_perk,Bundan sonra her Kutsal Dağ'da fazladan bir yetenek bulursun.
perk_perks_lottery,Yetenek Piyangosu
perkdesc_perks_lottery,Bir yetenek seçtiğinde diğerlerinin kaybolmama şansı %50'dir.
perk_genome_more_hatred,Daha Çok Nefret
perkdesc_genome_more_hatred,Canlılar birbirlerine karşı daha saldırgan olur.
perk_genome_more_love,Daha Çok Sevgi
perkdesc_genome_more_love,Canlılar birbirlerine karşı daha dostça davranır. Sen yine temkinli ol.
perk_random_allies,Rastgele Müttefikler
perkdesc_random_allies,Rastgele bir düşman grubuyla müttefik olursun.
perk_remove_fog_of_war,Her Şeyi Gören Göz
perkdesc_remove_fog_of_war,Her yeri görebilirsin.
perk_attract_items,Altın Çekimi
perkdesc_attract_items,Altın parçaları sana doğru çekilir.
perk_strong_kick,Bacak Gününü Aksatma
perkdesc_strong_kick,Tekmelerin daha fazla hasar verir ve daha sert savurur.
perk_projectile_repulsion,Mermi İtme Alanı
perkdesc_projectile_repulsion,Çoğu mermi senden uzaklaşır; ama mermilerden biraz daha fazla hasar alırsın.
perkdesc_bleed_slime,Kan yerine sümük akıtırsın; ama sümük artık seni yavaşlatmaz ve mermi direncin artar.
perk_multiply_hp,"Katlanmış Can, İyileşme Yok"
perkdesc_multiply_hp,Canın katlanır; ama artık can yenileyemezsin.
perk_bleed_oil,Yağ Kanı
perkdesc_bleed_oil,Kan yerine yanıcı yağ akıtırsın; ama ateşe bağışıksın.
perk_golden_i,Altın Göz
perkdesc_golden_i,Gördüğün altınlar artık zamanla kaybolmaz.
perk_no_player_knockback,Savrulma Bağışıklığı
perkdesc_no_player_knockback,Savrulmadan etkilenmezsin.
perk_extra_knockback,Büyülere Ek Savurma
perkdesc_extra_knockback,Büyülerin düşmanları daha güçlü savurur.
perk_lower_spread,Odaklanmış Büyüler
perkdesc_lower_spread,Büyülerinin saçılması azalır ve hasarı artar; ama büyü gecikmesi uzar.
perk_bounce,Seken Büyüler
perkdesc_bounce,Neredeyse tüm büyülerin etrafta seker ve daha uzun süre var olur.
perk_projectile_homing_shooter,Bumerang Büyüler
perkdesc_projectile_homing_shooter,Büyülerin kıvrılıp sana yönelir; ama hızları ve hasarları artar. İade politikası cömert.
perk_worm_attractor,Solucan Cazibesi
perkdesc_worm_attractor,Solucanlar seni çekici bulur. Zevk meselesi.
perk_worm_detractor,Solucan Kovucu
perkdesc_worm_detractor,Solucanlar senden kaçar.
perk_speed_diver,Hızlı Yüzme
perkdesc_speed_diver,Usta bir yüzücüsün!
perk_revenge_tentacle,İntikam Dokunacı
perkdesc_revenge_tentacle,Hasar alınca canavar gibi bir dokunaç çağırırsın ve mermilere karşı %25 direnç kazanırsın.
perk_attack_foot,Lukki Mutasyonu
perkdesc_attack_foot,Senin için savaşan tuhaf ek uzuvlar çıkarırsın.
perk_plague_rats,Veba Fareleri
perkdesc_plague_rats,"Ölen düşmanlar, emrine amade fareler salar! Tüm fareler dostun olur."
perk_radar_enemy,Düşman Radarı
perkdesc_radar_enemy,Yakındaki düşmanları hissedebilirsin.
perk_radar_wand,Asa Radarı
perkdesc_radar_wand,Yakındaki asaları hissedebilirsin.
perk_unlimited_spells,Sınırsız Büyüler
perkdesc_unlimited_spells,Çoğu büyü artık sınırsız kullanılabilir.
perk_leggy_feet,Uzun Bacak Mutasyonu
perkdesc_leggy_feet,"Senin için savaşan, görüntüsü rahatsız edici uzuvlar çıkarırsın."
perk_always_cast,Her Atışta Büyü (Tek Kullanımlık)
perkdesc_always_cast,Elindeki asaya her atışta yapılan rastgele bir büyü eklenir; en fazla 4 olabilir.
perk_no_more_shuffle,Karıştırmaya Son
perkdesc_no_more_shuffle,Asaların çoğu karıştırmasız olur. Taşıdığın asaların karıştırması da kapanır.
perk_vampirism,Vampirlik
perk_no_wand_editing,Asa Düzenlemek Yasak
perkdesc_no_wand_editing,Asaları düzenleyemezsin; ama düşmanlar kanlı para düşürebilir.
perk_telekinesis,Telekinetik Tekme
perkdesc_telekinesis,Yeni telekinetik güçler kazanırsın.
perk_projectile_duplicate,Çoğalan Atışlar
perkdesc_projectile_duplicate,Büyülerin engellere çarpınca çoğalır.
perk_low_hp_damage_boost,Uçurumun Kıyısında
perkdesc_low_hp_damage_boost,Büyülerin 3x hasar verir: canın 25'in veya azami canının %25'inin altındayken.
perk_faster_levitation,Hızlı Havalanma
perkdesc_faster_levitation,%75 daha hızlı havalanırsın.
perk_peace_with_steve,Tanrılarla Barış
perkdesc_peace_with_steve,Tanrılarınla barışırsın. Şimdilik dosya kapanmıştır.
perk_gold_is_forever,Altın Baki Kalır
perkdesc_gold_is_forever,Altın parçaları asla kaybolmaz.
perk_wand_experimenter,Asa Deneycisi
perk_trick_blood_money,Kurnaz Kanlı Para
perkdesc_trick_blood_money,Kazayla ölen düşmanlar kanlı para düşürür.
perk_levitation_trail,Havalanma İzi
perkdesc_levitation_trail,"Havalanırken, içinden geçen canlılara zarar veren büyülü kıvılcımlar bırakırsın."
perkdesc_wand_experimenter,"Yeni bulduğun, henüz düzenlemediğin asalarla ateş etmek seni iyileştirir."
perk_protection_freeze,Donma Bağışıklığı
perkdesc_protection_freeze,Dondurulamazsın.
item_mcguffin,Kayıp Anahtar
itemdesc_mcguffin,Büyük Eser'i tamamladığı söylenir
item_mcguffin_0,Tuz
itemdesc_mcguffin_0,Büyük Eser'i tamamladığı söylenir
item_mcguffin_1,Maddemiz
itemdesc_mcguffin_1,Büyük Eser'i tamamladığı söylenir
item_mcguffin_2,Hermes'in Kuşu
itemdesc_mcguffin_2,Büyük Eser'i tamamladığı söylenir
item_mcguffin_3,Beyaz Kartal
itemdesc_mcguffin_3,Büyük Eser'i tamamladığı söylenir
item_mcguffin_4,Yeşil Aslan
itemdesc_mcguffin_4,Büyük Eser'i tamamladığı söylenir
item_mcguffin_5,Kırmızı Aslan
itemdesc_mcguffin_5,Büyük Eser'i tamamladığı söylenir
item_mcguffin_6,Göksel Yakut
itemdesc_mcguffin_6,Büyük Eser'i tamamladığı söylenir
item_mcguffin_7,Magnezya
itemdesc_mcguffin_7,Büyük Eser'i tamamladığı söylenir
item_mcguffin_8,Filozofların Kabı
itemdesc_mcguffin_8,Büyük Eser'i tamamladığı söylenir
item_mcguffin_9,Kutlu Taşımız
itemdesc_mcguffin_9,Büyük Eser'i tamamladığı söylenir
item_mcguffin_10,Büyük Eser
itemdesc_mcguffin_10,Büyük Eser'i tamamladığı söylenir
item_mcguffin_11,Felsefe Taşı
itemdesc_mcguffin_11,Büyük Eser'i tamamladığı söylenir
item_mcguffin_12,Sampo
itemdesc_mcguffin_12,Büyük Eser'i tamamladığı söylenir
item_mcguffin_13,Hakiki Bilgi
itemdesc_mcguffin_13,Büyük Eser'i tamamladın
item_perk_reroll,Yetenekleri yeniden seç
item_essence_fire,Ateş Özü
itemdesc_essence_fire,Bütün varlığın dalgalanıyor! Huzur yine başka bahara.
item_essence_laser,Toprak Özü
itemdesc_essence_laser,Varlığın hasar veren ışık saçıyor!
item_essence_air,Hava Özü
itemdesc_essence_air,Varlığın çevrendeki havayı kontrol ediyor!
item_essence_water,Su Özü
itemdesc_essence_water,Toprak çevrende akıyor!
item_essence_alcohol,İçkilerin Özü
itemdesc_essence_alcohol,Bu fikir pek parlak değildi. Sen öyle olabilirsin.
item_chest_treasure_super,Büyük hazine sandığı
item_rock,Taş
itemdesc_rock,Taş işte. Çok da beklentiye girme.
item_egg_hollow,İçi boş yumurta
itemdesc_egg_hollow,Acaba içinde bir şey var mı?
item_egg_worm,Kıpırdayan yumurta
item_description_egg_worm,İçinde bir şey kıpırdıyor. Afiyet olsun demeyelim.
item_egg_purple,Soğuk yumurta
item_description_egg_purple,Yumurta soğuk hissettiriyor
item_egg_fire,Sıcacık yumurta
item_description_egg_fire,Yumurta çok sıcak hissettiriyor
item_egg_slime,Sümüksü yumurta
item_description_egg_slime,Yumurtanın üstü sümükle kaplı
item_flute,Flütçünün asası
item_weathercrystal_book,Denge Kitabı
itemdesc_weathercrystal_book,Büyük servete ulaşmak için bu dünyanın temellerini bile kırmaya hazır olmak gerektiği söylenir. Ama bunu yapan lanetlenir. Gerçi kendi açgözlülüğü de başlı başına bir lanettir...
item_chest_dark,Karanlık sandık
item_weathercrystal,Denge Kristali
item_goldnugget_10,Altın külçesi (10)
item_goldnugget_50,Altın külçesi (50)
item_goldnugget_200,Altın külçesi (200)
item_goldnugget_1000,Altın külçesi (1000)
item_goldnugget_10000,Altın İdol (10000)
item_runestone_laser,Işık Rün Taşı
item_runestone_fireball,Ateş Rün Taşı
item_runestone_lava,Magma Rün Taşı
item_runestone_disc,Keskinlik Rün Taşı
item_runestone_null,Boşluk Rün Taşı
item_runestone_slow,Ağırlık Rün Taşı
itemdesc_runestone,Güçlü büyü aurası taşıyan bir rün taşı. Nedense tekmeleyesin geliyor.
item_key,Kristal anahtar
itemdesc_key_0,Anahtarın sesi yok.
itemdesc_key_1,Anahtar mırıldanıyor ama bir şey eksik...
itemdesc_key_2,Anahtar sırlar ve vaatler fısıldıyor; artık hazır.
item_description_potion_usage,\nEşyanın üstünde $0 - iç
item_jar,Kavanoz
item_description_jar,Kuşan ve püskürt ya da fırlat
item_jar_with_material,$0 kavanozu
item_broken_wand,Kırık asa
item_description_broken_wand,Bu asa ortadan kırılmış ama hâlâ büyü enerjisiyle çıtırdıyor. İş ahlakı sağlam.
item_thunderstone,Ukkoskivi (Yıldırım Taşı)
item_description_thunderstone,Bu küçük taş seni fazlasıyla elektriklenmiş hissettiriyor.
item_brimstone,Kiuaskivi (Ocak Taşı)
item_description_brimstone,Bu minicik taş pek ateşli görünüyor; dokununca ise yalnızca hoş bir sıcaklık hissediliyor.
item_moon,Kuu (Ay)
item_description_moon,Bu minicik gök cisminin güçlü bir kütleçekimi var. Boyuna aldanma.
item_waterstone,Vuoksikivi (Akış Taşı)
item_description_waterstone,Bu küçük taş sert ve sağlam; yine de içinden su fışkırıyor gibi.
item_bloodmoney,Kanlı altın külçesi
item_bloodmoney_10,Kanlı altın külçesi (10)
item_bloodmoney_50,Kanlı altın külçesi (50)
item_bloodmoney_200,Kanlı altın külçesi (200)
item_bloodmoney_1000,Kanlı altın külçesi (1000)
item_bloodmoney_10000,Kanlı Altın İdol (10000)
item_die_roll,Zar dönüyor... Kader de boş durmuyor.
item_die_1,Zar 1 geldi!
item_die_2,Zar 2 geldi!
item_die_3,Zar 3 geldi!
item_die_4,Zar 4 geldi!
item_die_5,Zar 5 geldi!
item_die_6,Zar 6 geldi!
item_die_bad,Aşırı şanssızsın...! Nazar boncuğu istifa etti.
item_die_good,Aşırı şanslısın! Şimdilik.
item_die,Kaos zarı
itemdesc_die,Çeşitli ödüller için at! Şartlar ve cenazeler geçerlidir.
itempickup_open,'$1' açmak için $0 bas
itempickup_orb,Bir hakiki Bilgi küresi keşfettin
itempickup_orb_evil,Bir yozlaşmış Bilgi küresi keşfettin
itempickup_orb_discovered,Tanıdık bir hakiki Bilgi küresi buldun
itempickupdesc_orb_discovered,Ek canla ödüllendirildin
itempickupdesc_orb_00,Sonsuz lavın sırları sana açıldı.
itempickupdesc_orb_01,Yeryüzünün öfkesinin sırları sana açıldı.
itempickupdesc_orb_02,Öte dünyadan yaşamın sırları sana açıldı.
itempickupdesc_orb_03,Mutlak yıkımın sırları sana açıldı.
itempickupdesc_orb_04,Ölümsüz hortlaklığın sırları sana açıldı.
itempickupdesc_orb_05,Ateş ve kükürdün sırları sana açıldı.
itempickupdesc_orb_06,Sarmalın sırları sana açıldı.
itempickupdesc_orb_07,Fırtınalı göklerin sırları sana açıldı.
itempickupdesc_orb_08,Coşkunun sırları sana açıldı.
itempickupdesc_orb_09,Gizli tehlikenin sırları sana açıldı.
itempickupdesc_orb_10,Yeniden inşanın sırları sana açıldı.
itempickupdesc_orb_11,Bu sırra erişememeliydin. Belli ki kapı açık kalmış.
itempickupdesc_orb_13,Büyük çözülüşün sırları sana açıldı.
menu_mods,Modlar
menu_mods_availablemods,Mevcut modlar
menu_mods_availablemods_none,Yüklü mod yok
menu_mods_enabled,Etkin
menu_mods_moveup,Yukarı taşı
menu_mods_movedown,Aşağı taşı
menu_mods_help_exp,Bu özellik deneyseldir.\nRiski sana aittir. Yalnızca güvendiğin kaynakların modlarını çalıştır!\nEn üstteki etkin mod ilk yüklenir.\nModu açmak/kapatmak için adına tıkla.
menu_mods_help,Modları kullanmanın riski sana aittir. Yalnızca güvendiğin kaynakların modlarını çalıştır!\nEn üstteki etkin mod ilk yüklenir.\nModu açmak/kapatmak için adına tıkla.
menu_mods_help_paused,Değişiklikler bir sonraki yeniden başlatmada uygulanır.
menu_mods_openmodfolder,Mod klasörünü aç
menu_mods_restart,Etkin modlarla yeniden başlat
menu_mods_restart_tooltip,"Uyarı: Bazı modlar oyun içinde açılıp kapanmayı kaldıramaz; tuhaflıklar, hatalar veya çökmeler olabilir."
menu_mods_newgame,Etkin modlarla yeni oyuna başla
menu_mods_refresh,Yenile
menu_mods_reenablenotificiation,"Bu sürüm modların işleyişini değiştirdi.\nModları ""Modlar"" menüsünden yeniden etkinleştirmen gerekiyor."
menu_mods_extraprivilegesareyousure,"Bu mod ek yetkiler istiyor.\nEtkinleştirilirse, oyun kodundaki açıkları kullanmasına gerek kalmadan\nbilgisayarına tam erişim kazanır.\nBu moda güvenmek istediğine emin misin?"
menu_mods_extraprivilegesnotification,Bu mod ek yetkiler istiyor.\nÇalıştırmak için güvensiz modları etkinleştirmelisin.
menu_mods_workshopsandboxnotification,Güvensiz modlar açıkken Atölye modları etkinleştirilemez.
menu_mods_enablinginvalid,Bu mod bozuk ve etkinleştirilemiyor [Hata kodu #N0174H4X].
menu_mods_sandboxoffareyousure,"Güvensiz modları etkinleştirmek, yüklü tüm modlara bilgisayarına tam erişim verir.\nEmin misin?"
menu_mods_sandboxoffareyousure_steam,"Güvensiz modları etkinleştirmek, yüklü tüm modlara bilgisayarına tam erişim verir.\nEmin misin?"
menu_mods_sandboxoption,Güvensiz modlar: $0
menu_mods_initerrors_title,Modlar başlatılırken hatalar oluştu:
menu_mods_customactivation,"\nBu modu ""Yeni Oyun"" menüsünden oyna."
menu_mods_translationactivation,"\nBu çeviriyi ""Seçenekler"" menüsündeki ""Dil"" seçeneğinden etkinleştir."
menu_mods_nameconflict,"""$0"" kimliğini kullanan birden fazla mod etkinleştirilemez."
menu_mods_installmods,Mod edin
menu_mods_installmods_steam,Atölye'den mod yükle
menu_mods_workshopdownloading,Atölye içeriği indiriliyor: $0
menu_mods_workshop_mod_tooltip,Bu bir Steam Atölye modudur.
menu_mods_disclaimernotification_exp,Bu özellik deneyseldir.\nKullanımın riski sana aittir!\nYalnızca güvendiğin kaynakların modlarını çalıştırmalısın.
menu_mods_disclaimernotification,Mod kullanımının riski sana aittir!\nYalnızca güvendiğin kaynakların modlarını çalıştırmalısın.
menu_mods_initerrors_log,Şu modlar başlatılırken hata oluştu: $0
menu_mods_workshopdownloading_noprogress,Atölye içeriği indiriliyor: $0\nİndirmeler ilerlemiyorsa Steam kütüphanesinin\nindirme listesinden önceliklerini değiştirmen gerekebilir.
menu_mods_modversion_older,"Bu mod, mod arayüzünün en son sürümüyle test edilmemiş."
menu_mods_modversion_newer,"Bu mod, mod arayüzünün daha yeni bir sürümüyle hazırlanmış.\nOyunun daha yeni bir sürümü gerekebilir.\nBelki de geliştirici sadece yeni sürümü kullanıyordur\nve her şey uyumludur."
menu_mods_incompatibilities,Modlar (!)
menu_mods_incompatibilities_tooltip,Bazı modlarda uyumsuzluk olabilir
option_allowed,İzinli
option_disabled,Devre dışı
menu_newgame_selectgamemode,Oyun modunu seç
menu_quit,Çık
menuautosave_text,Otomatik kayıt bulundu. Oyun çökmüş olabilir mi?\nOyun bu kaydı geri yüklemeyi denesin mi?
menuautosave_text_mods,Bazı modlar etkindi; çökmeye onlar yol açmış olabilir.
menuautosave_text_earlyaccess,"Noita erken erişimde, bunu düzeltmeye çalışacağız. :/"
menuautosave_yes,Geri yükle
menuautosave_no,"Yok, sil gitsin"
menuoptions_configurecontrols_hint_gamepad,Bir kontrolü varsayılana döndürmek için üzerinde B'ye bas
menuoptions_configurecontrols_hint_keyboard,Bir tuş atamasını varsayılana döndürmek için sağ tıkla
menuoptions_privacypolicy,Gizlilik politikası
menuoptions_showhoverinfonexttomouse,Madde/eşya adını fare yanında göster: $0
menuoptions_replayrecorder_tooltip_exp,"DENEYSEL ÖZELLİK\nOyunun herhangi bir anında tekrar kaydetmek için $0 tuşuna bas.\n\n""Tekrar bütçesi"" çok yüksek olursa performans düşebilir\nveya oyun çökebilir. Riski sana aittir!"
menuoptions_replayrecorder_tooltip,"Oyunun herhangi bir anında tekrar kaydetmek için $0 tuşuna bas.\n\n""Tekrar bütçesi"" çok yüksek olursa performans düşebilir\nveya oyun çökebilir. Riski sana aittir!"
menuoptions_application_rendered_cursor_hint,Fare imlecini göremiyorsan bunu aç.
menuoptions_general,Genel
menuoptions_graphics,Grafik
menuoptions_audio,Ses
menuoptions_input,Kontroller
menuoptions_streaming,Yayın
menuoptions_teleport_flash_brightness,Işınlanma ışığının parlaklığı
menuoptions_gamepaddetected,Oyun kumandası algılandı!\nKontroller sekmesinden etkinleştirebilirsin.
menuoptions_replaybudget,Tekrar bütçesi
menuoptions_heading_window,PENCERE
menuoptions_heading_replayrecorder,TEKRAR KAYDI
menuoptions_heading_misc,DİĞER
menuoptions_heading_rendering,GÖRÜNTÜ
menuoptions_heading_userinterface_graphics,ARAYÜZ
menuoptions_heading_accessibility,ERİŞİLEBİLİRLİK
menuoptions_heading_volume,SES DÜZEYİ
menuoptions_heading_userinterface_input,ARAYÜZ
menuoptions_heading_gamepad,OYUN KUMANDASI
menuoptions_heading_gameplay,OYNANIŞ
menuoptions_heading_compatibility,UYUMLULUK
menuoptions_heading_streaming_integration,TWITCH KANALI
menuoptions_heading_streaming_integration_config,AYARLAR
menuoptions_heading_streaming_integration_mods,MODLAMA
menuoptions_heading_streaming_enabled_events,ETKİN OLAYLAR
menuoptions_format_seconds,$0 sn
menuoptions_format_megabytes,$0 MB
menuoptions_heading_online,ÇEVRİMİÇİ
menuoptions_heading_userinterface_mouse,FARE
menuoptions_heading_controls,KLAVYE/FARE
menuoptions_display_number,Ekran numarası: $0
menuoptions_online_features,Çevrimiçi özellikler: $0
menuoptions_online_features_hint,Oyunun Nolla Games sunucularına bağlanmasını engellemek için kapat.\nBazı özellikler çalışmayabilir.
menuoptions_capturemouseinsidewindow,Fareyi pencereye kilitle: $0
menuoptions_pause_the_game_when_unfocused,Odak dışındayken oyunu duraklat: $0
menuoptions_ui_snappy_hover_boxes,Envanter bilgi kutusu animasyonları: $0
menuoptions_dithering,Renk bantlarını azalt (titreşimleme): $0
menuoptions_configuregamepad,Kumanda kontrollerini ayarla
menuoptions_gamepad_analog_flying,Kumandayla analog uçuş: $0
menuoptions_ui_allow_shooting_while_inventory_open,Envanter açıkken asa kullanımına izin ver: $0
menuoptions_gamepad_throwsprayscheme,Yeni kumanda fırlatma/püskürtme düzeni: $0
menuoldsavegame_text,Eski bir sürümden kayıt bulundu.\nDevam etmek ister misin? (Tuhaf şeyler olabilir.)
menuoldsavegame_text_update9,Yükleme sonrası dünyada boş parçalar oluşabilir.\nUyarıyorum: Tanrılar buna sinirlenebilir!\nDevam etmek ister misin?
menu_secretmode,Gizli Mod
menu_selectworld,Dünya seç
menu_playtime,$0 sa $1 dk
menu_startnewworld,Yeni dünya başlat
menu_worldselect_deleteareyousure,$0 yuvasındaki dünyayı silmek istediğine emin misin?\nBu işlem geri alınamaz.
menu_worldselect_deleteareyousure_playing,Şu an oynadığın dünyayı silmek istediğine emin misin?\nBu işlem geri alınamaz.
menu_worldselect_slot,Dünya $0
menu_worldselect_slot_playing,Dünya $0 - OYNANIYOR
menu_switchthrowandspray,Bazı varsayılan ayarları değiştirdik:\n-Fırlatma ve püskürtme tuşlarının yerleri değişti.\n-Büyü yapmak için envanter kapalı olmalı.\nYeni varsayılanları etkinleştirelim mi? Bunları Seçenekler menüsünden değiştirebilirsin.
menu_newgame_modschangedrestart,Mod değişiklikleri nedeniyle oyun yeniden başlayacak.
menu_progress_new,İlerleme ($0 yeni)
menu_streamermode,Yayıncı modu: $0
menu_slider_percentage,$0%
menu_streaming_description,İzleyicilerin Twitch sohbeti üzerinden oyununa karışsın.
menu_streaming_description_details,"Sohbetteki ""1"", ""2"", ""3"" ve ""4"" mesajları,\nrastgele seçilen çeşitli olaylar için oy sayılır."
menu_streaming_connect,Bağlan
menu_streaming_disconnect,Bağlantıyı kes
menu_streaming_connect_twitch,Twitch hesabına bağlan
menu_streaming_status_connecting, - BAĞLANIYOR...
menu_streaming_status_connected, - BAĞLANDI
menu_streaming_status_failed_unknown, - BAĞLANTI BAŞARISIZ
menu_streaming_status_failed_serverconnection, - SUNUCU BULUNAMADI
menu_streaming_status_failed_timeout, - ZAMAN AŞIMI - KANAL YOK MU?
menu_streaming_connected,Bağlı Twitch hesabı: $0
menu_streaming_connect_failed,Twitch kimlik doğrulaması başarısız
menu_streaming_option,Yayın entegrasyonu: $0
menu_streaming_channelname,Kanal adı:
menu_streaming_voting,Sohbet oyları: $0
menu_streaming_voting_hint,İzleyicilerin oyun içinde yaşanacak olaylara oy vermesine izin ver.
menu_streaming_allowusernames,Kullanıcı adlarını göster
menu_streaming_allowusernames_hint,Sohbet kullanıcı adlarını gösteren olaylara izin ver
menu_streaming_timebetweenvotes,Oylamalar arası süre
menu_streaming_timevoting,Oylama süresi
menu_streaming_timevoting_hint,Tek bir oylamanın süresi
menu_streaming_playvotesound,Yeni oylamada ses çal: $0
menu_streaming_distribution,Oylama olaylarının dağılımı
menu_streaming_distribution_hint,"Berbat = seferini bitirmesi çok olası...\nKötü = kötü şeyler olabilir.\nNötr = iyi de olabilir, kötü de.\nİyi = daha çok can ve başka faydalı olaylar."
menu_streaming_distribution_awful,Berbat
menu_streaming_distribution_bad,Kötü
menu_streaming_distribution_neutral,Nötr
menu_streaming_distribution_good,İyi
menu_streaming_usernames_ghosts,Minik hayaletlere izleyici adı ver: $0
menu_streaming_usernames_rats,Farelere izleyici adı ver: $0
menu_streaming_installmods,Yayın entegrasyonu modları yükle
menu_streaming_mod,Yayın entegrasyonu içerik modu
streaming_integration_connectionerror,Bağlantı hatası!
streaming_integration_nextvotein,Sonraki oylama: $0 sn
streaming_integration_voteendsin,Oylamanın bitişi: $0 sn
streaming_integration_voteoptionformat,$0 ($1) <$2
streaming_integration_votetie,Berabere! Kazanan rastgele seçiliyor
streaming_integration_winner,Kazanan:
menu_replayedit_writinggif,GIF yazılıyor - lütfen bekle - iptal: $0
menu_replayedit_writinggif_frameprogress,Kare - $0 / $1 - $2%
menu_replayedit_writinggif_timeremaining,$0 sn kaldı
menu_replayedit_returntogame,Oyuna dön $0
menu_replayedit_title_keyboard_exp,TEKRAR DÜZENLEYİCİ (deneysel) - Başlangıç ve bitiş karelerini sağ/sol tıkla belirle.
menu_replayedit_title_gamepad_exp,"TEKRAR DÜZENLEYİCİ (deneysel) - [A] başlangıç, [B] bitiş karesi."
menu_replayedit_title_keyboard,TEKRAR DÜZENLEYİCİ - Başlangıç ve bitiş karelerini sağ/sol tıkla belirle.
menu_replayedit_title_gamepad,"TEKRAR DÜZENLEYİCİ - [A] başlangıç, [B] bitiş karesi."
menu_replayedit_saveasgif,GIF olarak kaydet [ENTER]
menu_replayedit_opengifdir,GIF klasörünü aç
menu_replayedit_size,Boyut: 
menu_replayedit_full,Tam
menu_replayedit_sizeformat,$0x$1
menu_replayedit_outputscale,Çıktı ölçeği: $0%
menu_replayedit_outputinfo1,Çıktı: $0 kare - $1sn
menu_replayedit_outputinfo2, - $0x$1 piksel
menu_replayedit_startclip_gamepad,[A] - işaretli karede klibi başlat.
menu_replayedit_startclip_keyboard,Sol tık - işaretli karede klibi başlat.
menu_replayedit_endclip_gamepad,[B] - işaretli karede klibi bitir.
menu_replayedit_endclip_keyboard,Sağ tık - işaretli karede klibi bitir.
menu_replayedit_frame, Kare = $0
menu_replayedit_imagecenter,Sol tık - görüntü merkezini belirle.
progress_new,$0 (yeni)
log_golden_statue,Altın heykel alındı
logdesc_golden_statue,$0 altın kazandın!
logdesc_heart_evil,Azami can $0 oldu... karşılığında da lanetlendin!
log_altar_magic,Merakın ödüllendirildi
log_altar_magic_monster,"Merakın ödüllendirildi, ama..."
log_altar_magic_worm,Aradığın şey bu değil!
log_moon_altar,Dört öz sırlarını açığa çıkarıyor
logdesc_moon_altar,Ayın yumurtası çatladı. İçindekiler açığa çıktı
logdesc_moon_altar_drunk,"Ay, sarhoş eden içeriğini dökerek açığa çıkardı"
log_heart_fullhp_temple,Tam can yenileme alındı
logdesc_heart_fullhp_temple,"Azami can $0 arttı, can $1 oldu ($2 can geri kazanıldı)"
log_worm_deflector_death,Solucan kristali parçalandı!
logdesc_worm_deflector_death,İçindeki güven hissi de çatladı...
logdesc_heart_fullhp,Can $0 oldu ($1 can geri kazanıldı)
log_ocarina,Çevrendeki dünya değişiyor!
logdesc_ocarina,Müziğin tuhaf enerjiler saldı
log_ocarina_done,Müziğin enerjisi tükenmiş gibi...
log_overingestion_00,Yediklerin boğazına diziliyor
log_overingestion_01,Bir lokma daha yersen ölebilirsin
log_overingestion_02,Yediklerin boğazına diziliyor
log_overingestion_03,Bir lokma daha yersen ölebilirsin
log_overingestion_04,Yediklerin boğazına diziliyor
log_overingestion_05,Bir lokma daha yersen ölebilirsin
log_overingestion_exploding_00,İçine sığmıyorsun. Pek hayra alamet değil
log_overingestion_exploding_01,Birazdan patlayacak gibi hissediyorsun
log_overingestion_exploding_02,İçine sığmıyorsun. Pek hayra alamet değil
log_overingestion_exploding_03,Birazdan patlayacak gibi hissediyorsun
log_overingestion_exploding_04,Midendeki basınç patlayıcı düzeyde
log_overingestion_exploding_05,Midendeki basınç patlayıcı düzeyde
log_kantele,Çevrendeki dünya değişiyor!
logdesc_kantele,Müziğin tuhaf enerjiler saldı
log_kantele_done,Müziğin enerjisi tükenmiş gibi...
log_alchemist_key_first,Anahtar mırıldanmaya başladı!
logdesc_alchemist_key_first,Hâlâ bir şey eksik...
log_alchemist_key_second,Anahtar fısıldamaya başladı!
logdesc_alchemist_key_second,"""Sana çok şey verebilirim, karşılığında..."""
log_alchemist_key_invalid,Bir şey olmuş gibi görünmüyor...
log_alchemist_chest_open,Cam anahtar konuşuyor!
logdesc_alchemist_chest_open,Sandık dinliyor
log_alchemist_chest_opened,Cam anahtar yeniden konuşuyor!
logdesc_alchemist_chest_opened,Sandık dinlemeye devam ediyor
log_castdelaying,BÜYÜ GECİKMESİ...
log_weathercrystal_broken,Açgözlülükle lanetlendin!
logdesc_weathercrystal_broken,"Hazine hırsın sonun olacak. Kasan dolu, vaden kısa."
log_curse_fade,Lanet dağılıyor
logdesc_curse_fade,Yine güvendesin... şimdilik
logdesc_gods_are_impressed,Tanrılar senden çok etkilendi
logdesc_gods_are_afraid,Tanrılar korkuyor
logdesc_gods_are_curious,Tanrılar çok meraklı
logdesc_temple_peace_temple_break,Tanrılar görmezden geliyor
log_altar_success_00,Tanrılar adağını kabul etti
log_altar_success_01,Tanrılar adağından memnun
log_altar_success_02,Tanrılar adağına sevindi
log_altar_fail_00,Tanrılar adağından memnun değil
log_altar_fail_01,Tanrılar acemice adağına burun kıvırıyor
log_altar_fail_02,Tanrılar kaba adağınla alay ediyor
log_altar_fail_03,Tanrılar cahilce adağını küçümsüyor
log_reality_mutation_00,Gerçekliğin sarsılıyor
log_reality_mutation_01,Bir şeylerin artık eskisi gibi olmadığını seziyorsun
log_reality_mutation_02,Bir şeylerin değiştiğini hissediyorsun
log_reality_mutation_03,Kozmos'un kurallarının değiştiğini hissediyorsun
log_reality_mutation_04,Gerçekliğin kaydığını seziyorsun
log_reality_mutation_05,Gerçeklik değişti
status_reality_mutation,Gerçeklik değişti
statusdesc_reality_mutation,Bir şeylerin artık eskisi gibi olmadığını hissediyorsun.
booktitle_allspells,Gnosis Haritası
bookdesc_allspells,"Nerede ve hangi kaynaktan görünürse görünsün,\nhakikatin öğretmeni senden başkası değildir.\n \nBana önce söylemediğin hiçbir doğruyu benden duymazsın.\n \nEy Hakikat, ne zaman benimle yürümekten geri durdun;\nneden kaçınacağımı, neyi arayacağımı öğretmekten...\nSensiz bunların hiçbirini ayırt edemezdim."
reward_gold_statue,Altın heykel
reward_clock,5 dakikaya adanmış
reward_minit,1 dakika mı?!
reward_nolla,Altınsız
reward_dollar,Para babası
reward_peace,Barışçıl
reward_crown,Kral
reward_nohit,Çiziksiz
controls_use,etkileşime gir
controls_replayeditopen,tekrar kaydet
controls_usewand,asa kullan
teleport_mystery,Kule'ye geçit
teleport_mystery_back,Dağ'a dönüş geçidi
teleport_world,Uzak diyara geçit
teleport_deeper,Derinlere geçit
teleport_ending,Laboratuvar'a geçit
teleport_ending_victory,Büyük Eser'e geçit
teleport_end_wall,Kristal Kasa'ya geçit
teleport_generic,Geçit
teleport_back,Dönüş geçidi
gamemode_normal,Yeni Oyun
gamemode_normal_desc,Yeni bir dünya keşfet.\nKlasik Noita deneyimi. Ölüm dâhil.
gamemode_dailyrun,Günlük Sefer
gamemode_dailyrun_desc,"Yeni gün, yeni dünya.\nBaşlangıç eşyalarının bir kısmı rastgele seçilir.\nHerkes aynı dünya tohumu ile oynar.\nDikkat: 24 saatte yalnızca bir kez oynayabilirsin."
gamemode_nightmare_exp,Kâbus (deneysel)
gamemode_nightmare,Kâbus
gamemode_nightmare_desc,Daha zorlu bir deneyim.\nBu modu açmak için oyunu bitir.
gamemode_newgameplus,Yeni Oyun+ (deneysel)
gamemode_newgameplus_desc,Daha zorlu bir deneyim.\nBu modu açmak için oyunu bitir.
gamemode_laboratory,Büyü Laboratuvarı
gamemode_laboratory_desc,Büyülerle gönlünce deney yap.\nÖlüm burada sorun değil.\nBu mod için yeni büyüleri onları kullanarak aç.
gamemode_comingsoon,Yakında!
gamemode_comingsoon_desc,Şimdilik sır.
gamemode_nightmare_desc_PETRI_is_this_correct_new_nightmare_description,Her gün yeni bir sefer düzeni ve\nileri biyomlarda oynama fırsatı.\nAynı dünya tohumu ile dilediğin kadar oyna.
gamemode_daily_practice_run,Günlük Alıştırma
gamemode_daily_practice_run_desc,"Rastgele bir noktadan,\nrastgele eşyalarla başla.\n24 saat içinde aynı dünya tohumu ile\ndilediğin kadar deneyebilirsin."
new_game_for_newgame_plus,YENİ OYUN
building_worm_deflector,Solucan kristali
stat_modsenabled,Etkin modlar:
damage_curse,lanet
damage_rock_curse,lanetli kaya
damage_overeating,aşırı yeme
damage_midas,Midas
menureleasenotes_betawarning,"Noita 1.0 Beta'ya hoş geldin!\nUyarı: Bu sürüm ana sürümden daha kararsız olabilir.\nBol şans, az cenaze!"
menureleasenotes_betawarning2,Noita beta sürümüne hoş geldin!\nUyarı: Bu sürüm ana sürümden daha kararsız olabilir.
inventory_chargecapacity_tooltip,Asanın depolayabildiği şarj miktarı.
infinity_symbol,∞
credits_game_by,YAPIMCI
ingestion_status_caused_by,Sebep: $0 tüketmek.
ingestion_status_caused_by_many,Sebep: $0 ve başka şeyler tüketmek.
ingestion_status_caused_by_overingestion,Sebep: Aşırı yemek
status_confusion,Şaşkın
statusdesc_confusion,Kafan karışmış hissediyorsun.
status_movement_faster,Yağlanmış şimşek
statusdesc_movement_faster,Kendini inanılmaz hızlı hissediyorsun.
status_worm_attractor,Solucan yemi
statusdesc_worm_attractor,Geleceğin solucan yemi gibi hissediyorsun. Uzun vadeli plan.
status_protection_all,Tam koruma
statusdesc_protection_all,Bedeninde tuhaf bir güç hissediyorsun.
status_mana_regeneration,Mana yenilenmesi
statusdesc_mana_regeneration,Manan daha hızlı yenilenir.
status_internal_fire,İç yangın
statusdesc_internal_fire,İçten içe yanıyorsun. Bu sefer mecaz değil.
status_cryptpoison,Kadim zehirlenme
statusdesc_cryptpoison,Nadir bir panzehir bulana kadar can kaybedersin.
status_satiated00,Azıcık tok
statusdesc_satiated00,Miden neredeyse boş.
status_satiated01,Tok
statusdesc_satiated01,Midende hâlâ yer var.
status_satiated02,Tamamen tok
statusdesc_satiated02,Tok hissediyorsun. Daha fazla yemek hareketini zorlaştırır.
status_satiated03,Fazla tok
statusdesc_satiated03,Fena halde tok hissediyorsun.
status_satiated04,Fena halde fazla tok
statusdesc_satiated04,Patlayacak gibi toksun. Daha fazla yemek canını yakabilir.
status_satiated05,Boğuluyor
statusdesc_satiated05,Aşırı tok hissediyorsun ve boğuluyorsun.
status_satiated06,Boğuluyor ve şişkin
statusdesc_satiated06,Daha fazla yemek istemediğin kesin.
status_ingestion_damage,Boğuluyor
statusdesc_ingestion_damage,Daha fazla yiyip içmek sana hasar verir.
status_ingestion_exploding,Patlama noktasında
statusdesc_ingestion_exploding,Öyle toksun ki patlayabilirsin. Sofranın son sürprizi.
status_ingestion_alcoholic_00,Hafif çakırkeyif
statusdesc_ingestion_alcoholic_00,Biraz çakırkeyif hissediyorsun.
status_ingestion_alcoholic_01,Sarhoş
statusdesc_ingestion_alcoholic_01,Fazla içtin.\nNişanın bozulur.
status_ingestion_alcoholic_02,Zilzurna
statusdesc_ingestion_alcoholic_02,Çok fazla içtin.\nNişanın bozulur.\nDaha fazla içmek seni zehirler.
status_ingestion_alcoholic_03,Zilzurna
statusdesc_ingestion_alcoholic_03,Çok fazla içtin.\nNişanın bozulur.\nDaha fazla içmek beyin hasarına yol açar.
status_brain_damage,Beyin Hasarı
statusdesc_brain_damage,Nişanın kalıcı olarak bozuldu.
status_trip_00,Kafa güzel
statusdesc_trip_00,Bir şeylerin tuhaf olduğunu hissediyorsun.
status_trip_01,Kafa biraz daha güzel
statusdesc_trip_01,Büyülü güçlerle uyum içinde hissediyorsun.
status_trip_02,Kafa epey güzel
statusdesc_trip_02,"Vay be, şu rengin kokusu pek ilginç."
status_trip_03,Kafa başka evrende
statusdesc_trip_03,Alışıldık kavramlar artık geçerli değil.
status_nightvision,Solucan görüşü
statusdesc_nightvision,Her şeyi daha net görüyorsun.
status_food_poisoning,Gıda zehirlenmesi
statusdesc_food_poisoning,Miden kötü. İçeride hiçbir şey durmuyor.
status_ingestion_movement_slower,Hantal hareket
statusdesc_ingestion_movement_slower,Hareket etmek zor.
status_ingestion_freezing,İç ürpertisi
statusdesc_ingestion_freezing,İçten içe üşüyorsun. Hareket etmek zor.
status_farts,Gazlı
statusdesc_farts,İçeride basınç hissediyorsun. Tesisat alarm veriyor.
status_curse_cloud_00,Yağmur Laneti
statusdesc_curse_cloud_00,Tepende kara bir bulut dolaşıyor gibi hissediyorsun.
status_curse_cloud_01,Yıldırım Laneti
statusdesc_curse_cloud_01,Bulutun ağırlığı neredeyse dayanılmaz. Başın ağrıyor.
status_curse_cloud_02,Asit Yağmuru Laneti
statusdesc_curse_cloud_02,Aklından geçen tüm kötü düşünceler üstünden akıp geçiyor.
status_jarate,İdrara bulanmış
statusdesc_jarate,Islak giysiler seni ateşten korur.\nKritik vuruş alma tehlikesinin arttığını hissediyorsun.
status_protection_polymorph,Biçim değiştirme bağışıklığı
statusdesc_protection_polymorph,Biçimin değiştirilemez.
status_faster_levitation,Hızlı havalanma
statusdesc_faster_levitation,%75 daha hızlı havalanırsın.
ending_above_part_a,Dünya eski hâline döndü
ending_above_part_b,Ve herkes çok daha mutlu
inventory_perks_many,$0 x $1
death_curse,Lanet
death_polymorph,", $0 biçimine dönüşmüşken"
streamingevent_speedy_enemies,Hızlı Canlılar
streamingeventdesc_speedy_enemies,Yakındaki canlılar daha hızlı hareket eder.
streamingevent_protect_enemies,Canlıları Koru
streamingeventdesc_protect_enemies,Yakındaki canlılar geçici olarak gelen tüm hasarı engeller.
streamingevent_teleporting_enemies,Işınlanan Canlılar
streamingeventdesc_teleporting_enemies,Yakındaki canlılar etrafa ışınlanmaya başlar.
streamingevent_polymorph_enemies,Canlıların Biçimini Değiştir
streamingeventdesc_polymorph_enemies,Yakındaki canlılar rastgele varlıklara dönüşür.
streamingevent_tiny_ghost_player,Dost Hayaletler Çağır
streamingeventdesc_tiny_ghost_player,Birkaç minik hayalet dost edinirsin.
streamingevent_tiny_ghost_enemy,Düşman Hayaletler Çağır
streamingeventdesc_tiny_ghost_enemy,Yakındaki canlılar minik hayalet dostlar edinir.
streamingevent_homing_enemy_projectiles,Düşmanlara Güdüm
streamingeventdesc_homing_enemy_projectiles,Yakındaki düşmanların mermileri sana doğru hızlanır.
streamingevent_health_plus,Can Artışı
streamingeventdesc_health_plus,80 can kazanırsın.
streamingevent_health_minus,Can Azalışı
streamingeventdesc_health_minus,40 can kaybedersin.
streamingevent_max_health_plus,Azami Can Artışı
streamingeventdesc_max_health_plus,50 azami can kazanırsın.
streamingevent_max_health_minus,Azami Can Azalışı
streamingeventdesc_max_health_minus,25 azami can kaybedersin.
streamingevent_regeneration_field,Can Yenileme Alanı
streamingeventdesc_regeneration_field,Bir can yenileme alanı kazanırsın.
streamingevent_protect_player,Geçici Ölümsüzlük
streamingeventdesc_protect_player,Bir süre hasar almazsın.
streamingevent_shield_enemies,Kalkanlı Canlılar
streamingeventdesc_shield_enemies,Tüm canlılar bir kalkan kazanır.
streamingevent_shield_player,Dost Kalkan
streamingeventdesc_shield_player,Bir kalkan kazanırsın.
streamingevent_faster_player,Hızlı Hareket
streamingeventdesc_faster_player,Bir süre daha hızlı hareket edebilirsin.
streamingevent_slimy_player,Sümük Banyosu
streamingeventdesc_slimy_player,Herkes sümüğe bulanır.
streamingevent_wet_player,Duş
streamingeventdesc_wet_player,Tepende bir yağmur bulutu belirir.
streamingevent_oiled_player,Pırıl Pırıl
streamingeventdesc_oiled_player,Tepende bir yağ bulutu belirir.
streamingevent_drunk_player,İçki
streamingeventdesc_drunk_player,Sarhoş olursun.
streamingevent_drunk_enemies,Sarhoş Canlılar
streamingeventdesc_drunk_enemies,Yakındaki canlılar sarhoş olur.
streamingevent_spell_refresh,Büyüleri Yenile
streamingeventdesc_spell_refresh,Büyülerin yenilenir.
streamingevent_sea_of_x,Rastgele Deniz
streamingeventdesc_sea_of_x,Devasa miktarda rastgele bir sıvı çağrılır.
streamingevent_sea_of_water,Su Denizi
streamingeventdesc_sea_of_water,Devasa miktarda su çağrılır.
streamingevent_sea_of_oil,Yağ Denizi
streamingeventdesc_sea_of_oil,Devasa miktarda yağ çağrılır.
streamingevent_sea_of_lava,Lav Denizi
streamingeventdesc_sea_of_lava,Devasa miktarda lav çağrılır.
streamingevent_nuke,Güm!
streamingeventdesc_nuke,Siper al! Manzara bekleyebilir.
streamingevent_spawn_worm,Solucan Çağır
streamingeventdesc_spawn_worm,Dev bir solucan belirir.
streamingevent_spawn_shopkeeper,Stevari Çağır
streamingeventdesc_spawn_shopkeeper,Stevari belirir.
streamingevent_bouncy_shots,Seken Büyüler
streamingeventdesc_bouncy_shots,Mermilerin bir süre sekmeye başlar.
streamingevent_boomerang_shots,Bumerang Büyüler
streamingeventdesc_boomerang_shots,Mermilerin bir süre sana geri yönelir.
streamingevent_fizzle,Sönen Büyüler
streamingeventdesc_fizzle,Mermilerin bir süre sönüp yok olma ihtimali kazanır.
streamingevent_explosive_projectile,Patlayıcı Büyüler
streamingeventdesc_explosive_projectile,Mermilerin bir süre patlayıcı olur.
streamingevent_give_wand_to_enemy,Silahlı Canlı
streamingeventdesc_give_wand_to_enemy,Yakındaki bir canlı rastgele bir asa alır.
streamingevent_give_wand_to_player,Yeni Asa
streamingeventdesc_give_wand_to_player,Rastgele bir asa belirir.
streamingevent_remove_liquid,Sıvıları Kaldır
streamingeventdesc_remove_liquid,Yakındaki tüm sıvılar kaybolur.
streamingevent_remove_ground,Zemini Kaldır
streamingeventdesc_remove_ground,Yakındaki tüm katı zemin kaybolur. Ayaklarının altı da dahil.
streamingevent_berserk,Öfke
streamingeventdesc_berserk,Herkesin gözü döner.
streamingevent_fireball_thrower_player,Ateş Topu Püskürtücü
streamingeventdesc_fireball_thrower_player,Bir süre ateş topları püskürtürsün.
streamingevent_fireball_thrower_enemies,Ateş Topu Püskürten Canlılar
streamingeventdesc_fireball_thrower_enemies,Canlılar bir süre ateş topları püskürtür.
streamingevent_spawn_chest,Ganimet!
streamingeventdesc_spawn_chest,Bir sandık belirir!
streamingevent_transform_giga_discs,Her Yerde Dev Testereler
streamingeventdesc_transform_giga_discs,Bir süre tüm mermiler dev testere bıçaklarına dönüşür(!).
streamingevent_transform_nukes,Mermiler Nükleer Bombaya
streamingeventdesc_transform_nukes,Havadaki tüm mermiler nükleer bombaya dönüşür(!!!).
streamingevent_rain_gold,Hazine Yağmuru
streamingeventdesc_rain_gold,Altın yağıyor.
streamingevent_rain_barrel,Varil Yağmuru
streamingeventdesc_rain_barrel,Variller ve diğer patlayıcılar yoktan belirir.
streamingevent_rain_hiisi,Hiisi Yağmuru
streamingeventdesc_rain_hiisi,Bir sürü Hiisi yoktan belirir.
streamingevent_rain_worm,Solucan Yağmuru
streamingeventdesc_rain_worm,Solucanlar yoktan belirir.
streamingevent_rain_potion,İksir Yağmuru
streamingeventdesc_rain_potion,İksirler yoktan belirir.
streamingevent_rain_bomb,Bomba Yağmuru
streamingeventdesc_rain_bomb,Bombalar yoktan belirir. Şemsiye pek fayda etmez.
streamingevent_gravity_player,Kişisel Çekim Alanı
streamingeventdesc_gravity_player,Bir süre mermileri kendine çekersin.
streamingevent_gravity_enemies,Canlı Çekim Alanı
streamingeventdesc_gravity_enemies,Canlılar bir süre mermileri kendilerine çeker.
streamingevent_portal_east,Doğuya Geçit
streamingeventdesc_portal_east,Uzak bir yere açılan geçit.
streamingevent_portal_beginning,Yüzeye Geçit
streamingeventdesc_portal_beginning,Yüzeye açılan geçit.
streamingevent_portal_random,Bir Yere Geçit
streamingeventdesc_portal_random,Bir yere açılan geçit. Adresi sonra öğrenirsin.
streamingevent_slow_enemies,Yavaş Canlılar
streamingeventdesc_slow_enemies,Canlılar yavaşlar.
streamingevent_slow_player,Yavaşlama
streamingeventdesc_slow_player,Yavaşlarsın.
streamingevent_trail_water,Su İzi
streamingeventdesc_trail_water,Mermilerin su izi bırakır.
streamingevent_trail_oil,Yağ İzi
streamingeventdesc_trail_oil,Mermilerin yağ izi bırakır.
streamingevent_trail_acid,Asit İzi
streamingeventdesc_trail_acid,Mermilerin asit izi bırakır.
streamingevent_trail_fire,Ateş İzi
streamingeventdesc_trail_fire,Mermilerin ateş izi bırakır.
streamingevent_trail_lava,Lav İzi
streamingeventdesc_trail_lava,Mermilerin lav izi bırakır.
streamingevent_trail_poison,Zehir İzi
streamingeventdesc_trail_poison,Mermilerin zehir izi bırakır.
streamingevent_trail_gunpowder,Barut İzi
streamingeventdesc_trail_gunpowder,Mermilerin barut izi bırakır.
streamingevent_trail_alcohol,Alkol İzi
streamingeventdesc_trail_alcohol,Mermilerin alkol izi bırakır.
streamingevent_player_trip,Kafa Güzel
streamingeventdesc_player_trip,Kafan başka âlemlere gider.
streamingevent_transmutation,Madde Dönüşümü
streamingeventdesc_transmutation,Yakındaki maddeler bir süre aside dönüşür.
streamingevent_slow_bullets,Mermi Zamanı
streamingeventdesc_slow_bullets,Mermiler çok ciddi yavaşlar.
streamingevent_gravity,Mermi Yerçekimi
streamingeventdesc_gravity,Mermilerine etki eden yerçekimi artar.
streamingevent_antigravity,Mermi Ters Yerçekimi
streamingeventdesc_antigravity,Mermilerin ters yerçekimi kazanır.
biomemodifierdesc_moist,Hava aşırı nemli geliyor.
biomemodifierdesc_fog_of_war_reappears,Gizemli bir karanlık burayı terk etmiyor.
biomemodifierdesc_conductive,Hava iyonlaşmış kokuyor.
biomemodifierdesc_freezing,Hava dondurucu geliyor.
biomemodifierdesc_hot,Hava sıcak geliyor.
biomemodifierdesc_dry,Hava kuru geliyor.
biomemodifierdesc_bouncy,Zeminler zıplatacak gibi görünüyor.
biomemodifierdesc_gold_vein,Kârlı fırsatlar seziyorsun.
biomemodifierdesc_gold_vein_super,Son derece kârlı fırsatlar seziyorsun. Cenaze masrafı çıkar.
biomemodifierdesc_corrupted,Burada bir şeyler ters.
biomemodifierdesc_flooded,Bu kadar su nereden çıktı?
biomemodifierdesc_gas_glooded,Havada gaz kokusu var.
biomemodifierdesc_toxic,Hava zehirli kokuyor.
biomemodifierdesc_vulcanous,Hava volkanik kokuyor.
biomemodifierdesc_haunted,Sırtından korkunç bir ürperti geçiyor.
biomemodifierdesc_rat_infested,Hava fare kokuyor.
biomemodifierdesc_worm_infested,Hava solucan kokuyor.
biomemodifierdesc_alchemic,Havada Kadim Sanat'ın ruhu var.
biomemodifierdesc_peaceful,İçinde bir huzur hissediyorsun.
biomemodifierdesc_portal_upwards,Yakında özel bir yol olduğunu hissediyorsun.
biomemodifierdesc_portal_downwards,Yakında özel bir yol olduğunu hissediyorsun.
reward_nowands,Asasız
reward_almostpacifist,Neredeyse barışçıl
reward_notinkeringofwands,Asaları kurcalamadı
reward_kicksonly,Yüce Tekme
gamemode_dailyrun_desc_played,Günlük seferi oynadın. Yarın tekrar dene.
gamemode_dailyrun_desc_played2,Günlük sefer hakkını kullandın. Yarın tekrar dene.
gamemode_dailyrun_desc_played3,Şansını kullandın. Yarın tekrar dene.
perk_revenge_bullet,İntikam Mermileri
perkdesc_revenge_bullet,Mermilerle vurulunca karşı ateş açarsın; patlamalara ve mermilere karşı %20 direnç kazanırsın.
logdesk_curse_ghost,Açgözlülüğün gittiğin her yerde peşini bırakmayacak...
logdesk_curse_permaoil,Açgözlülüğün üstüne katran gibi yapışıyor...
logdesk_curse_nofly,Açgözlülüğün seni yere çekiyor...
logdesk_curse_strongenemies,Açgözlülüğün seni başkalarının gözünden düşürüyor...
logdesk_curse_keepmoving,Açgözlülüğün seni telaşa sürüklüyor...
log_curse,Açgözlülük laneti!
log_curse_info,Laneti gidermek için ferahlık ara.
log_curse_reward,Lanet etkinken daha fazla altın kazanırsın.
log_curse_secret,Hava titriyor!
logdesc_curse_secret,"Kadim simyacılar, lanetin gücünden bile yararlanmanın peşindeydi..."
animal_wizard_neutral,Topraklama Ustası
action_burst_8,Sekizli büyü
actiondesc_burst_8,Aynı anda 8 büyü yapar
action_broken_spell,Bozuk büyü
actiondesc_broken_spell,Arızalı bir büyü
action_summon_portal,Geçit çağır
actiondesc_summon_portal,Garip bir geçit çağırır
teleport_strange_unstable,Kararsız geçit
teleport_strange_stable,Kararlı geçit
log_repair_spell,Büyü onarıldı
log_repair_wand,Asa onarıldı
gamemode_dailyrun_desc_offline,Bu modu oynamak için çevrimiçi özellikleri aç.
gamemode_dailyrun_desc_connection_failed,Bağlantı başarısız.
mat_meat_frog,kurbağa eti
menureleasenotes_noita10,"Noita Epilogue Güncellemesi'ne hoş geldin!\nNoita bir zamanlar erken erişimdeydi. İlk yılında oynayan\nherkese kocaman bir teşekkür borçluyuz. Geri bildirimleriniz paha biçilemezdi!\nYeni Noita oyuncularına da... Hoş geldiniz, bol şans!\n- Geliştiriciler\n"
item_mcguffin_14,Bilginin En Hakikisi
itemdesc_mcguffin_14,Değdi mi bari?
perk_angry_ghost,Öfkeli Hayalet
perkdesc_angry_ghost,Öfkeli bir ruh yardımına gelir; yakındaki büyü ve mermileri kopyalar.
effect_neutralized,Etkisiz büyüler
effectdesc_neutralized,Yaptığın mermi büyüleri kısa devre yapar.
log_all_spells,Seni uyarmışlardı!
logdesc_all_spells,Buradan öyle kolay kaçılmaz!
perk_gourd,Ferahlatan Kabak
perkdesc_gourd,Alt tarafı hoş bir kabak.
perk_gas_fire,Gaz Ateşi
perkdesc_gas_fire,Yakınındaki gazlar kendiliğinden tutuşur.
perk_spell_duplication,Mermi Çoğaltma
perkdesc_spell_duplication,Mermi büyülerin çoğalabilir; ama mermi hasarına karşı daha savunmasız olursun.
perk_faster_wands,Hızlı Asalar (Tek Kullanımlık)
perkdesc_faster_wands,Şu anda taşıdığın tüm asaların büyü gecikmesi ve yenilenme süresi iyileşir.
log_surprise,Eyvah!
logdesc_surprise,Ne yaptın sen???
item_gourd,Ferahlatıcı kabak
itemdesc_gourd,Fırlatılarak hasar verebilir. Kırılınca ferahlatıcı bir aura salar. Çok yönlü sebze.
menu_streaming_eventliststartnewgame,Oyuna girdikten sonra etkin olayları burada ayarlayabilirsin.\n(Oyun ayarları hatırlar.)
menu_streaming_eventkind,Tür: $0
menu_streaming_eventauthor,Yapımcı: $0
streaming_integration_toofeweventsenabled,Yayın seçeneklerinden\nen az dört olayı etkinleştir!
streamingevent_nothing,Hiçbir Şey
streamingeventdesc_nothing,Hiçbir şey olmaz. Nadir bir lütuf.
streamingevent_improve_wands,Asaları İyileştir
streamingeventdesc_improve_wands,Çevrendeki tüm asaların özellikleri biraz iyileşir.
streamingevent_weaken_wands,Asaları Zayıflat
streamingeventdesc_weaken_wands,Çevrendeki tüm asaların özellikleri biraz kötüleşir.
mat_templebrick_weak,zayıf tuğla örgü
mat_magic_liquid_unstable_polymorph,kararsız polimorfin
mat_magic_liquid_unstable_teleportation,kararsız ışınlanıyum
mat_magic_liquid_unstable_hp_regeneration,kararsız şifayum
mat_magic_liquid_unstable_berserk,kararsız kuduruyum
mat_magic_liquid_unstable_charm,kararsız feromon
mat_magic_liquid_unstable_invisibility,kararsız görünmezyum
action_line_arc,Doğrusal yay
actiondesc_line_arc,Mermi yalnızca ana yönlerde veya çapraz doğrularda uçar
perk_orbit,Faz Geçişi
perkdesc_orbit,Mermiler sanki içinden geçip gidiyor.
greed_curse_damage,Açgözlülük Laneti
perk_mana_from_kills,Ölümden Mana
perkdesc_mana_from_kills,Yakınında her düşman öldüğünde mana yenileyen sıvı salarsın.
perk_mega_beam_stone,Sädekivi Çağır (Tek Kullanımlık)
perkdesc_mega_laser,Tuhaf bir eser elde edeceksin.
perk_foodclock,Yemek Saati
perkdesc_foodclock,İyi beslenmek sana iyi gelir.
log_hungry,Acıktın
log_starving,Açlıktan kırılıyorsun
action_lifetime_infinite,Sonsuz ömür
actiondesc_lifetime_infinite,"Mermi sonsuza dek var olur, ama sana da zarar verir"
action_cloud_oil,Yağ bulutu
actiondesc_cloud_oil,Yağ yağmuru oluşturur
menu_streaming_hidevotecounts,Oylama sırasında oy sayılarını gizle: $0
menu_streaming_uiposleft,Arayüzü ekranın soluna yerleştir: $0
menu_streaming_uiposleft_hint,DENEYSEL: Arayüz bazen tuhaf görünebilir
log_alchemist_key_alt_first,Anahtar dinliyor...
logdesc_alchemist_key_alt_first,Müziği içine çekiyor.
log_alchemist_key_alt_second,Anahtar şarkının tamamını içine çekti
logdesc_alchemist_key_alt_second,Hazır.
log_alchemist_key_alt_reward,Sandık açıldı!
logdesc_alchemist_key_alt_reward,Ama anahtarın anlatacak başka hikâyeleri olabilir...
animal_greed_ghost,Açgözlülük Hayaleti
item_essence_greed,Sonsuz Servet
itemdesc_essence_greed,Daha çok altın kazanırsın ama bir lanet peşini bırakmaz. Servet vergisi gibi.
log_greed_curse_away,Kristal parçalandı!
logdesc_greed_curse_away,"Lanet gitti, ama getirdiği hazineler de beraberinde gitti."
mat_templebrick_golden_static,aptal altını
biome_greed_room,Servet Salonu
log_greed_curse_back,Lanet geri döndü!
menuoptions_cosmeticparticlecoeff,Görsel parçacık miktarı
menuoptions_cosmeticparticlecoeff_hint,Çok sayıda parçacık olduğunda miktarları bu oranda azaltılır
biomemodifierdesc_plant_infested,Yağmur sonrası toprak gibi kokuyor.
biomemodifierdesc_mechanical,Makine sesleri duyuyorsun.
biomemodifierdesc_furnished,Burası rahat hissettiriyor.
biomemodifierdesc_booby_trapped,İçin tedirgin.
biomemodifierdesc_perforated,Burası ferah hissettiriyor.
biomemodifierdesc_tunneled,Hafif inşaat sesleri duyuyorsun.
biomemodifierdesc_hiisi_invasion,Uzaktan Hiisi homurtuları duyuyorsun.
biomemodifierdesc_pipes,Birinin metal boruları tıngırdattığını duyuyorsun.
biomemodifierdesc_spooky,Ensende tüyler diken diken oluyor.
biomemodifierdesc_twisted,Başın dönüyormuş gibi geliyor.
biomemodifierdesc_cheery,Neşeli hissediyorsun.
biomemodifierdesc_ominous,Burada uğursuz bir hava var.
mat_templebrick_diamond_static,elmas tuğla örgü
log_alchemist_chest_opened_alt,Sandık yeniden açıldı
logdesc_alchemist_chest_opened_alt,Şarkıyı hâlâ hatırlıyor.
animal_thunderskull,Sähkiö (Elektrik Kafası)
item_chest_light,Mercan sandığı
item_mega_beam_stone,Sädekivi (Işın Taşı)
itemdesc_mega_beam_stone,"Bu eser, göksel bir ışının resmini taşıyor."
log_beam_stone,"İçinden bir ses ""yürü"" diyor..."
logdesc_beam_stone,Korkunç bir şey olmak üzere
damage_plasmabeam,plazma ışını
mat_meat_spider,örümcek eti
mat_blood_spider,örümcek kanı
mat_blood_frog,kurbağa kanı
release_notes_10_highlights,"ÖNE ÇIKANLAR:\nYeni Günlük Alıştırma oyun modu.\nTwitch entegrasyonu: İzleyiciler oyununu daha da kaotik hâle getirsin.\nBiyom değiştiriciler: Biyomlar bazen alışılmış hâllerinden farklı.\nBazı biyomlarda sıcaklık etkileri simüle ediliyor.\nOynanış ve arayüz için birçok değişiklik ve ekleme.\nGörüntü ve ses iyileştirmeleri.\nYeni büyüler, yetenekler, düşmanlar, maddeler, sırlar, sesler ve daha fazlası.\nYeraltı Ormanı, Kasa, Sanat Tapınağı ve diğerleri için 15'ten fazla yeni müzik.\nPerformans iyileştirmeleri ve hata düzeltmeleri.\nYenilenen Seçenekler menüsü."
continue_10_warning,"1.0 öncesi kayıtları yüklememeni ŞİDDETLE öneriyoruz. Her şey bozulacak, tanrılar da kesinlikle sinirlenecek."
release_notes_title,SÜRÜM NOTLARI
menuoptions_configurecontrols_keyname_unknown,Bilinmiyor
menuoptions_configurecontrols_action_unbound,Atanmamış
menuoptions_configurecontrols_binding_primary,Birincil
menuoptions_configurecontrols_binding_secondary,İkincil
menuoptions_configurecontrols_pressakey,Bir tuşa bas
input_mouseleft,Sol fare
input_mouseright,Sağ fare
input_mousemiddle,Orta fare
input_mousewheelup,Fare tekerleği yukarı
input_mousewheeldown,Fare tekerleği aşağı
input_space,Boşluk
input_tab,TAB
input_xboxbutton_start,START
input_xboxbutton_select,SELECT
format_keybinding,[$0]
biome_orbroom,Küre Odası
menugameover_causeofdeath_killer_cause,$0 kaynaklı $1
menugameover_causeofdeath_killer_cause_name_ends_in_s,$0 kaynaklı $1
item_heart_cursed,Lanetli ek azami can 
log_worldseed,Dünya tohumu: $0
menupause_worldseed,Dünya tohumu: $0
menupause_gamemode,  Mod: $0
menupause_location,  Konum: $0
menupause_modsused,  Kullanılan modlar: evet
menugameover_record,REKOR!
dailyrun_time_left_hoursminutesseconds,Kalan süre: $0:$1.$0
dailyrun_dateformat_0day_1month_2year,$0 $1 $2
month_0,Oca
Month_1,Şub
Month_2,Mar
Month_3,Nis
Month_4,May
Month_5,Haz
Month_6,Tem
Month_7,Ağu
Month_8,Eyl
Month_9,Eki
Month_10,Kas
Month_11,Ara
credits_and,VE
credits_sound,"SES TASARIMI, MÜZİK YÖNETİMİ VE MİKSAJ"
credits_musiccomposed,BESTE VE İCRA
credits_musicrecording,"MÜZİK KAYDI, MİKSAJ VE MASTERING\nE-studio'dan Petri Majuri"
credits_localization,YERELLEŞTİRME
credits_localization2,YERELLEŞTİRME VE KALİTE KONTROL
credits_marketingandpr,PAZARLAMA VE HALKLA İLİŞKİLER
credits_marketingandpr2,PAZARLAMA VE HALKLA İLİŞKİLER DANIŞMANLIĞI
credits_marketingandpr3,DIŞ PAZARLAMA VE HALKLA İLİŞKİLER
credits_10trailers,1.0 FRAGMAN KURGUSU
credits_10trailers2,1.0 ÇIKIŞ FRAGMANLARI
credits_testingandadditionalwork,TEST VE EK ÇALIŞMALAR
credits_testing,TEST
credits_thankyou,TEŞEKKÜRLER
credits_thankyou_andyou,...Ve Sana!
credits_crypticscores,GİZEMLİ YÜKSEK SKORLAR
credits_falling,"Noita, Falling Everything Engine ile çalışır\nNoita, Firelight Technologies Pty Ltd'nin FMOD Studio yazılımını kullanır"
credits_licenses,Creative Commons atıfları için licenses/Attributions.txt dosyasına bak.
format_timer,$0.$1
menustreaming_nsa,Bu özellik için çevrimiçi özellikleri aç.
menu_oldsave_verybroken0,Eski kayıt bulundu.
menu_oldsave_verybroken1,"1.0 öncesi kayıtları yüklememeni ŞİDDETLE öneriyoruz. Her şey bozulacak, tanrılar da kesinlikle sinirlenecek."
menu_oldsave_verybroken2,Eski kayıt bulundu
item_kantele,Kantele
item_ocarina,Huilu (Flüt)
bookdesc02_forged,Yaşamın ve ölümün özü.
bookdesc04_forged,Bilgini kanıtla;\n batı neyden yaratılmıştır?
bookdesc05_forged,Bilgini kanıtla;\n doğu neyden yaratılmıştır?
bookdesc06_forged,"Hakiki bilgiye sahip olmak,\n cehaletin karanlığında görebilmektir."
bookdesc07_forged ,"Hakiki bilgiye ulaşmak için,\n yavaşlamak ve acele etmemek gerekir."
bookdesc08_forged,"Uyan, ey çobanın sürüsü; kendi aklınla düşün!"
bookdesc09_forged,Başkasının çizmeleriyle bir mil yürümek.
bookdesc10_forged,Hakiki bilgi kaygan bir şeydir.\nİlahi taşımızın talihsiz yan etkisi.
stat_prev_best,($0)
action_meteor_rain,Meteorisade
actiondesc_meteor_rain,Zarlar atıldı
action_worm_rain,Matosade
actiondesc_worm_rain,Zarlar atıldı
animal_boss_pit,Asaların Bileni
animal_wand,Asa
animal_enlightened_laser_dark_wand,Karanlık asa
animal_enlightened_laser_elec_wand,Yıldırım asası
animal_enlightened_laser_fire_wand,Ateş asası
animal_enlightened_laser_light_wand,Parıldayan asa
perk_high_gravity,Yüksek Yerçekimi
perkdesc_high_gravity,Sen dahil tüm canlıların kişisel yerçekimi artar.
streamingevent_heal_ghost,İyileştiren Hayaletler Çağır
streamingeventdesc_heal_ghost,Birkaç iyileştiren hayalet dost edinirsin.
streamingevent_player_gas,Fazla Gaz
streamingeventdesc_player_gas,Bedenin bir süre yanıcı gaz salar.
streamingevent_areadamage_player,Dost Temas Hasarı
streamingeventdesc_areadamage_player,Bir süre yakındaki düşmanlara hasar veren bir alan kazanırsın.
streamingevent_areadamage_enemy,Düşman Temas Hasarı
streamingeventdesc_areadamage_enemy,"Yakındaki düşmanlar, yaklaşırsan sana hasar veren alanlar kazanır."
streamingevent_twitchy,Seğirme!
streamingeventdesc_twitchy,Bir süre asanı kontrol etmekte zorlanırsın.
streamingevent_spawn_perk,Rastgele Yetenek Kazan
streamingeventdesc_spawn_perk,Rastgele bir yetenek kazanırsın.
streamingevent_shield_ghost,Kalkan Hayaleti Çağır
streamingeventdesc_shield_ghost,Seni kalkanla koruyan bir hayalet dost edinirsin.
streamingevent_matter_eater,Madde Yiyici
streamingeventdesc_matter_eater,Tüm mermiler bir süre zemini yiyip yok eder.
streamingevent_invisible_player,Kişisel Görünmezlik
streamingeventdesc_invisible_player,Bir süre görünmez olursun.
streamingevent_invisible_enemy,Görünmez Düşmanlar
streamingeventdesc_invisible_enemy,Düşmanlar bir süre görünmez olur.
streamingevent_neutralized,Etkisiz Büyüler
streamingeventdesc_neutralized,Yakınındaki tüm mermiler bir süre etkisiz hale gelir.
streamingevent_high_spread,Aşırı Saçılma
streamingeventdesc_high_spread,Tüm mermilerin saçılması bir süre çok yüksek olur.
streamingevent_bubble,Güvenlik Baloncuğu
streamingeventdesc_bubble,Bir süre güvenli bir baloncuğun içine alınırsın.
streamingevent_spawn_perk_enemy,Düşmanlara Yetenek Ver
streamingeventdesc_spawn_perk_enemy,Yakındaki düşmanlar rastgele yetenekler kazanır.
animal_wizard_twitchy,Seğirme Ustası
status_twitchy,Seğirme
statusdesc_twitchy,Elin rastgele kasılır ve büyülerin sana zarar verebilir!
mat_meat_fast,titrek et
hud_wand_castdelay,Büyü gecikmesi: $0 sn
gamemode_dailyrun_desc_offline_mode,Çevrimdışı Günlük Sefer\nDünya tohumu çevrimiçi günlük seferden farklıdır.\nAma 24 saat içinde bu tohumu\ndilediğin kadar oynayabilirsin.\n
biomemodifierdesc_gravity_fields,Görünmez bir gücün seni itip çektiğini hissediyorsun.
biomemodifierdesc_fungal,Hava mantar sporlarıyla dolu.
menuoptions_steamcloud,Steam Cloud: $0
menuoptions_enableall,Tümünü etkinleştir
menuoptions_disableall,Tümünü kapat
menu_streaming_usernames_visible,Yaratıklara izleyici adı ver: $0
menu_mods_settings,Mod ayarları
menu_modsettings_changes_restart,Değişiklikler oyunu yeniden başlattığında uygulanır.
menu_modsettings_changes_worldgen,Değişiklikler yeni oyuna başladığında uygulanır.
menu_mods_nosettings,Etkin modların ayarı yok.
biomemodifierdesc_shielded,Burası son derece güvenli hissettiriyor.
mat_rock_static_cursed_green,açgözlülükle lanetli kaya
mat_cursed_liquid,açgözlülükle lanetli sıvı
log_greed_curse_away_full,Lanet gevşedi.
logdesc_greed_curse,"3 kat altın kazanırsın, ama fena hâlde lanetlendin!"
item_greed_crystal,Açgözlülükle lanetli kristal
log_moon_altar_extra,Tanrıların kafası karıştı
logdesc_moon_altar_extra,Bu da ne?!
itemdesc_alchemy_key_musicbox_1,Anahtar bir şarkıyı hatırlıyor.
itemdesc_alchemy_key_musicbox_2,Anahtar iki şarkıyı hatırlıyor.
itemdesc_alchemy_key_musicbox_3,Anahtar üç şarkıyı hatırlıyor.
itemdesc_alchemy_key_musicbox_4,Anahtar hazır.
perk_exploding_gold,Patlayan Altın
perkdesc_exploding_gold,"Düşmanların düşürdüğü altın; kaybolduğunda, toplandığında veya başka düşmanlar dokununca patlar!"
action_quantum_split,Kuantum bölünmesi
actiondesc_quantum_split,Mermiyi varlıkları birbirine dolanık üç mermiye ayırır
log_fasttravel,Bir geçit belirdi!
logdesc_fasttravel,İşe yarayabilir...
action_chain_shot,Zincir büyü
actiondesc_chain_shot,Mermi ömrü bitince kendi kopyasını atar; en fazla 5 kez
action_teleport_projectile_short,Küçük ışınlanma oku
actiondesc_teleport_projectile_short,"Seni uçup vardığı yere götüren, kısa ömürlü büyülü bir ok"
perk_worm_smaller_holes,Solucanların Korkulu Rüyası
perkdesc_worm_smaller_holes,Solucanlar senden kaçar; solucan ve lukki düşmanlar yer altında ilerlerken artık zemini yok etmez.
perk_worm_bigger_holes,Daha Çok Solucan Kazısı
perkdesc_worm_bigger_holes,Solucanlar artık çevrelerinde daha geniş bir alan kazar.
animal_homunculus,Homunkulus
streamingevent_homunculus,Rastgele Homunkuluslar Çağır
streamingeventdesc_homunculus,Yardımsever küçük homunkuluslardan bir grup yardımına gelir.
streamingevent_homunculus_dark,Kazıcı Homunkulus Çağır
streamingeventdesc_homunculus_dark,Yardımsever küçük bir homunkulus yardımına gelir.
streamingevent_homunculus_fire,Ateşli Homunkulus Çağır
streamingeventdesc_homunculus_fire,Yardımsever küçük bir homunkulus yardımına gelir.
streamingevent_homunculus_heal,Şifacı Homunkulus Çağır
streamingeventdesc_homunculus_heal,Yardımsever küçük bir homunkulus yardımına gelir.
streamingevent_homunculus_laser,Parlayan Homunkulus Çağır
streamingeventdesc_homunculus_laser,Yardımsever küçük bir homunkulus yardımına gelir.
streamingevent_homunculus_punch,Yumrukçu Homunkulus Çağır
streamingeventdesc_homunculus_punch,Yardımsever küçük bir homunkulus yardımına gelir.
action_mu,Mu
actiondesc_mu,Mevcut asadaki tüm düzenleyici türü büyüleri bir mermiye uygular
action_reset,Asayı yenile
actiondesc_reset,Asayı anında yeniden doldurur
perk_extra_slots,Ek Asa Kapasitesi (Tek Kullanımlık)
perkdesc_extra_slots,Şu anda taşıdığın asalar 1-3 ek büyü yuvası kazanır; en fazla 25 yuvaları olabilir.
perk_teleportitis_dodge,Işınlanarak Kaçınma
perkdesc_teleportitis_dodge,Bir düşman mermisi yaklaştığında kısa bir mesafe ışınlanırsın.
perk_extra_mana,"Bol Mana, Az Kapasite (Tek Kullanımlık)"
perkdesc_extra_mana,Elindeki asanın kapasitesi yarıya iner; ama manası artar.
perk_homunculus,Homunkulus
perkdesc_homunculus,Kutsal Dağ'dan her ayrılışında yardımsever bir homunkulus çağrılır.
action_larpa_death,Larpa patlaması
actiondesc_larpa_death,Mermi ömrü bitince veya yere çarpınca kendisinin 8 kopyasını atar
action_bounce_larpa,Larpa sekmesi
actiondesc_bounce_larpa,Mermi sekerken kendisinin bir kopyasını atar
log_homunculus,Bir homunkulus çağrıldı!
animal_wizard_hearty,Yaralama Ustası
status_hearty,Kalp Ağrısı
statusdesc_hearty,Azami canın geçici olarak yarıya iner.
item_safe_haven,Kammi (Sıcacık Kulübe)
item_description_safe_haven,Sıcacık bir kulübe çağırmak için fırlatılabilir. Emlak işini çözdük.
item_kakka,Kakkakikkare (Dışkı Topağı)
itemdesc_kakka,Bu gizemli sarmal biçimli eser korkunç kokuyor ve dokununca sıcak geliyor. Arkeoloji bazen pişmanlıktır.
mat_feces,dışkı
mat_gas_smelly,kokulu buhar
mat_peat,turba
animal_drone_shield,Koruma İHA'sı
animal_wizard_weaken,Savunmasızlık Ustası
animal_wizard_wither,Soldurma Ustası
status_weaken,Savunmasız
statusdesc_weaken,Koruyucu yeteneklerin geçici olarak devre dışıdır.
mat_meat_fruit,meyve eti
biome_wizardcave,Büyücü İni
action_zeta,Zeta
actiondesc_zeta,Taşıdığın başka bir asadaki rastgele bir büyüyü kopyalar
perk_laser_aim,Nokta Atışı
perkdesc_laser_aim,Büyülerin daha hızlı uçar ve daha az saçılır. Nişan almak için kullanışlı bir görüş çizgin de olur!
item_vasta,Vasta (Sauna Demeti)
item_vihta,Vihta (Sauna Demeti)
action_ball_lightning,Küre şimşek
actiondesc_ball_lightning,Üç kısa menzilli elektrik küresi çağırır
perk_low_recoil,Düşük Tepme
perkdesc_low_recoil,Büyülerinin geri tepmesi çok azalır; ama büyülerin biraz daha yavaş uçar.
perk_projectile_repulsion_sector,Mermi İtme Dilimi
perkdesc_projectile_repulsion_sector,Önündeki küçük bir dilime giren mermiler uzağa savrulur.
perk_projectile_eater_sector,Mermi Yiyici
perkdesc_projectile_eater_sector,Arkandaki küçük bir dilime giren mermiler kaybolur.
status_wither,Solmuş
statusdesc_wither,Geçici olarak tüm hasar türlerine karşı daha savunmasızsın.
perk_projectile_slow_field,Mermi Yavaşlatıcı
perkdesc_projectile_slow_field,Yakınındaki mermiler yavaşlar.
action_nolla,Nolla
actiondesc_nolla,Merminin süresini sıfıra ayarlar
item_wand_good_1,Çeviklik Asası
item_wand_good_2,Yıkım Asası
item_wand_good_3,Çokluk Asası
perkdesc_revenge_projectile,Hasar alınca mermileri düşmanlara geri gönderirsin; mermilere ve patlamalara karşı %20 direnç kazanırsın.
log_always_cast_failed,Her atışta yapılan büyü sayısı fazla!
logdesc_always_cast_failed,Bu asa zaten aşırı yüklü...
bookdesc07_forged,"Hakiki bilgiye ulaşmak için,\n yavaşlamak ve acele etmemek gerekir."
log_perk_fulltitle,$0 - $1
mat_monster_powder_test,canavar tozu
action_homing_accelerating,İvmelenen güdüm
actiondesc_homing_accelerating,Mermi düşmanlara giderek hızlanarak yönelir
action_teleport_closer,Yakınlaştıran ışınlanma oku
actiondesc_teleport_closer,Vurulan hedefi sana yaklaştırır
action_fanning_shot,Yelpaze atışı
actiondesc_fanning_shot,Birden fazla mermiyi yelpaze düzeninde atar
action_projectile_fan,Büyü yelpazesi
actiondesc_projectile_fan,Mermileri senden uzağa iter
action_spells_to_power,Büyülerden güç
actiondesc_spells_to_power,"Yakındaki, senin attığın mermileri ek hasara dönüştürür"
action_enemies_to_power,Özden güç
actiondesc_enemies_to_power,Yakındaki yaratık sayısına göre mermi hasarını artırır
action_explosion_light,Büyülü patlama
actiondesc_explosion_light,Zemine zarar vermeyen büyük bir patlama
action_phi,Phi
actiondesc_phi,Mevcut asadaki her mermi türü büyünün bir kopyasını yapar
action_burst_x,Sayısız büyü
actiondesc_burst_x,Asanda henüz yapılmamış ne kadar büyü varsa hepsini aynı anda yapar
action_worm_launcher,Solucan çağır
actiondesc_worm_launcher,Öte diyardan yüksek hızla bir solucan çekip kısa süreliğine getirir
action_spiraling_shot,Sarmal yay
actiondesc_spiraling_shot,Mermi sarmal bir yolda uçar
action_orbit_shot,Yörünge yayı
actiondesc_orbit_shot,Mermi doğduğu noktanın çevresinde döner
action_form_potion,İksir oluştur
actiondesc_form_potion,Küçük bir girdap malzemeyi emer ve onunla dolu küçük bir iksir oluşturur
action_omega_disc_bullet,Omega testere diski çağır
actiondesc_omega_disc_bullet,Testere diskinde miktar biraz kaçmış
action_temporary_wall,Duvar çağır
actiondesc_temporary_wall,Kısa ömürlü bir engel çağırır
action_temporary_platform,Platform çağır
actiondesc_temporary_platform,Kısa ömürlü bir zemin parçası çağırır
action_summon_missile,Füze çağır
actiondesc_summon_missile,"Güdümlü, patlayıcı bir roket çağırır"
animal_maggot_tiny,Sümük Larvası
animal_boss_wizard,Ustaların Ustası
animal_coward,Raukka (Korkak)
animal_thundermage_big,Büyük Ukko
animal_thunderhound,Yıldırım Köpeği
animal_boss_robot,Kolmisilmä'nın Gözü
animal_skygazer,Gök Bakışı
animal_gazer_big,Kolmisilmä'nın Hizmetkârı
animal_dark_alchemist,Kötülüğün Hatırası
action_laser_emitter,Plazma ışını
actiondesc_laser_emitter,"Anlık, tehlikeli bir ışık huzmesi"
action_laser_emitter_thrower,Plazma gösterisi
actiondesc_laser_emitter_thrower,Mermi rastgele yönlere ışık huzmeleri atar
action_laser_cross,Plazma ışını X
actiondesc_laser_cross,Plazma ışınları X düzeninde uçar
perk_personal_laser,Kişisel Plazma Işını
perkdesc_personal_laser,Sürekli yıkıcı bir plazma ışını ateşlersin; ama büyüleri çok daha yavaş yaparsın.
mat_wizardstone,tuhaf tuğla örgü
mat_drape,perdeler
mat_darkstone,karanlık kaya
perk_moon_radar,Ay Radarı
perkdesc_moon_radar,Sana Ay'ın yönünü gösterir... galiba?
logdesc_greed_curse_away2,Lanet sona erdi.
log_greed_curse_crystal2,Kristal kırıldı!
logdesc_greed_curse_crystal2,Lanet yeniden etkin!
menu_mods_settings_short,Mod ayarları
animal_gate_monster_a,Veska (Kaleci)
animal_gate_monster_b,Molari (Kaleci)
animal_gate_monster_c,Mokke (Kaleci)
animal_gate_monster_d,Seula (Elek)
action_if_enemy,Koşul - düşmanlar
actiondesc_if_enemy,Yakında 15'ten az düşman varsa sıradaki büyü atlanır
action_if_projectile,Koşul - mermi büyüleri
actiondesc_if_projectile,Yakında 20'den az mermi varsa sıradaki büyü atlanır
action_if_hp,Koşul - düşük can
actiondesc_if_hp,Canın 25% üzerinde kaldıysa sıradaki büyü atlanır
action_if_end,Koşul - bitiş noktası
actiondesc_if_end,"Bundan önceki koşul büyüleri, kendileriyle bu büyü arasındaki tüm büyüleri atlar"
action_if_half,Koşul - bir var bir yok
actiondesc_if_half,Bu büyünün her iki kullanımından birinde sıradaki büyü atlanır
action_if_else,Koşul - aksi halde
actiondesc_if_else,Bundan önceki bir koşul büyüsü başarılı olursa sıradaki büyü atlanır
action_bloodlust,Kan hırsı
actiondesc_bloodlust,"Mermi ciddi bir hasar artışı kazanır, ama sana da zarar verebilir"
action_colour_red,Kırmızı parıltı
actiondesc_colour_red,"Mermiye kırmızı, kıvılcımlı bir iz verir"
action_colour_green,Yeşil parıltı
actiondesc_colour_green,"Mermiye yeşil, kıvılcımlı bir iz verir"
action_colour_purple,Mor parıltı
actiondesc_colour_purple,"Mermiye mor, kıvılcımlı bir iz verir"
action_colour_orange,Turuncu parıltı
actiondesc_colour_orange,"Mermiye turuncu, kıvılcımlı bir iz verir"
action_colour_blue,Mavi parıltı
actiondesc_colour_blue,"Mermiye mavi, kıvılcımlı bir iz verir"
action_colour_yellow,Sarı parıltı
actiondesc_colour_yellow,"Mermiye sarı, kıvılcımlı bir iz verir"
action_colour_invis,Görünmez büyü
actiondesc_colour_invis,Mermiyi görünmez yapar
action_colour_rainbow,Gökkuşağı parıltısı
actiondesc_colour_rainbow,"Mermiye rastgele renkli, kıvılcımlı bir iz verir"
status_blindness,Körleşmiş
statusdesc_blindness,Neredeyse hiçbir şey göremiyorsun!
perk_radar_item,Eşya Radarı
perkdesc_radar_item,Yakındaki eşyaları hissedebilirsin.
perk_radar_moon,Ay Radarı
perkdesc_radar_moon,Ay enerjisini hissedebilirsin.
action_explosion_remove,Patlamayı kaldır
actiondesc_explosion_remove,Mermi artık patlamaz
perk_extra_potion_capacity,Ek İksir Kapasitesi
perkdesc_extra_potion_capacity,İksirler %80 daha fazla sıvı alır.
perk_vomit_rats,Kendiliğinden Türeme
perkdesc_vomit_rats,"Yakınındaki kusmuk, yardımcı fare hizmetkârlara evrilir. Doğa yolunu bulur."
mat_rat_powder,sıçan tozu
mat_poo_gas,mide bulandıran gaz
perk_revenge_rats,İntikam Fareleri
perkdesc_revenge_rats,Hasar aldığında yardımcı bir fare hizmetkâr çağrılabilir.
streamingevent_add_always_cast,Her Atışta Büyü
streamingeventdesc_add_always_cast,Elindeki asaya her atışta yapılan kalıcı bir büyü eklenir! (en fazla 4)
action_expanding_orb,Genişleyen küre
actiondesc_expanding_orb,Hasarı zamanla artan yavaş bir mermi
action_homing_projectile,Büyüleri izle
actiondesc_homing_projectile,Mermi diğer mermi büyülerine güdümlenir
mat_orb_powder,yol gösteren toz
action_vacuum_powder,Toz emme alanı
actiondesc_vacuum_powder,"Yakındaki toz benzeri malzemeleri emer, ömrü bitince salar"
action_vacuum_liquid,Sıvı emme alanı
actiondesc_vacuum_liquid,"Yakındaki sıvı malzemeleri emer, ömrü bitince salar"
item_essence_stone,Öz Yiyen
animal_physics_pata,Pata (Kazan)
item_wand_experimental_1,Deneysel Asa
item_wand_experimental_2,Deneysel Asa
booktitle_fisher,Simyacının Notu
bookdesc_fisher,”Burada güvendeyim. Güvendeyim.\nDiğerlerini geride bıraktım ve araştırmamı yalnızca gerçekten anlayanların erişebileceği biçimde kilitledim.\nKaygılanmamalıyım. Ayartıya direndiğim sürece güvende olacağım.\nSınırlarımı biliyorum. Burada onlardan çok uzaktayım.\n\nKaygılanmamalıyım.”
biome_rainforest_dark,Lukki İni
mat_darkness,tekinsiz sıvı
action_phasing_arc,Sıçrayan yay
actiondesc_phasing_arc,"Mermi çok daha yavaş uçar, ama uçuş boyunca kısa mesafelere ışınlanır"
status_homing_shooter,Sana güdümlü büyüler
statusdesc_homing_shooter,Büyülerin bir süre sana yönelir.
status_drunk_ui,Büyülü Sarhoşluk
statusdesc_drunk_ui,Bir süre büyülerinin isabeti azalır ve daha yanıcı olursun.
status_movement_slower_ui,Yavaş Hareket
statusdesc_movement_slower_ui,Bir süre daha yavaş hareket edersin.
status_confusion_ui,Kafa Karışıklığı
statusdesc_confusion_ui,Bir süre hareketlerini kontrol etmekte zorlanırsın.
damage_orb_blood,kan bağı
boss_wizard_1,Kafan karıştı!
boss_wizard_2,Sarhoş oldun!
boss_wizard_3,Canın yarıya indi!
boss_wizard_4,Daha yavaş hareket ediyorsun!
boss_wizard_5,Seğiriyorsun!
boss_wizard_6,Zayıfladın!
boss_wizard_7,Solup gidiyorsun!
boss_wizard_8,Mermilerin sana geri güdümleniyor!
action_vacuum_entities,Emme alanı
actiondesc_vacuum_entities,Yakındaki mermileri ve yaratıkları anında alanın merkezine emer
action_bloodtentacle,Kan dokunacı
actiondesc_bloodtentacle,"Bu dokunaç bir düşmana vurduğunda, o düşman da bir dokunaç fırlatır"
action_explosion_tiny,Yoğunlaştırılmış patlama
actiondesc_explosion_tiny,Merminin patlama yarıçapını büyük ölçüde sınırlar
action_liquid_to_explosion,Sıvı patlatma
actiondesc_liquid_to_explosion,Yakındaki büyüsüz sıvıları patlayıcı baruta çevirir
action_laser_emitter_four,Plazma ışını haçı
actiondesc_laser_emitter_four,"Haç düzeninde dört ölümcül plazma ışını. Dikkat, seni de incitebilir!"
action_laser_emitter_ray,Plazma ışını fırlatıcı
actiondesc_laser_emitter_ray,Mermi her yöne plazma ışınları atar!
action_bounce_laser_emitter,Plazma ışını sekmesi
actiondesc_bounce_laser_emitter,Mermi sekerken bir plazma ışını atar
action_homing_cursor,Nişan yayı
actiondesc_homing_cursor,Mermi nişan aldığın yöne döner
booktitle_mestari,Kurnaz Bir Düzenek
bookdesc_mestari,"”Sır müzikte saklı!\n\nGöklerin kilidinin anahtarı, dünyanın dört yanındaki müzikten doğar.\n\nVe bir bakıma, yukarıda nasılsa aşağıda da öyle...”"
biome_mestari_secret,Taht Odası
streamingevent_fireworks,Havai Fişekler!
streamingeventdesc_fireworks,Tamamen güvenli. Güvenli kelimesini esnek tutarsak.
streamingevent_holiday_mood,Bayram Havası
streamingeventdesc_holiday_mood,Bırak kar olsun.
streamingeventdesc_holiday_mood_2,Bırak kar yağsın.
perk_contact_damage,Temas Hasarı
perkdesc_contact_damage,Yakınındaki düşmanlar hasar alır. Canın azaldıkça bu hasar artar.
mat_metal_sand,metal tozu
mat_metal_sand_molten,erimiş metal
item_evil_eye,Paha Silmä (Kem Göz)
item_description_evil_eye,"Bu göz biçimli eser, kötü niyetli bir bakış yansıtıyor. Pek hayra alamet değil."
animal_lukki_dark,Kammolukki (Dehşet Örümceği)
item_wand_kiekurakeppi,Kiekurakeppi (Kıvrık Asa)
item_wand_valtikka,Valtikka (Hükümdar Asası)
action_sigma,Sigma
actiondesc_sigma,Yapıldığında asadaki her sabit mermi türü büyüyü kopyalar
action_tau,Tau
actiondesc_tau,Yapıldığında asadaki sonraki iki büyüyü kopyalar
material_transformed,$0 (Dönüştü)
logdesc_reality_mutation,"""$0"" sözcüğünün yankılandığını ve renk değiştirdiğini duyuyorsun"
action_laser_emitter_cutter,Plazma kesici
actiondesc_laser_emitter_cutter,Malzemeleri kesmekte uzmanlaşmış bir plazma ışını!
action_laser_emitter_wider,Plazma ışını güçlendirici
actiondesc_laser_emitter_wider,Plazma ışını büyüsünün ışınını genişletir
item_chest_treasure_pacifist,Barışçının Ödülü
biomemodifierdesc_high_gravity,Hava ağır geliyor...
biomemodifierdesc_low_gravity,Hava hafif geliyor...
streamingevent_rain_blackhole,Çekim Fırtınası
streamingeventdesc_rain_blackhole,Çevrende birden fazla kara delik açılır!!
animal_necromancer_super,Skoude (Baş Aynasız)
input_xboxbutton_dpad_up,Yön pedi yukarı
input_xboxbutton_dpad_down,Yön pedi aşağı
input_xboxbutton_dpad_left,Yön pedi sol
input_xboxbutton_dpad_right,Yön pedi sağ
input_xboxbutton_back,BACK
input_xboxbutton_left_thumb,Sol çubuk düğmesi
input_xboxbutton_right_thumb,Sağ çubuk düğmesi
input_xboxbutton_left_shoulder,Sol omuz düğmesi
input_xboxbutton_right_shoulder,Sağ omuz düğmesi
input_xboxbutton_left_stick_moved,Sol çubuk
input_xboxbutton_right_stick_moved,Sağ çubuk
input_xboxbutton_a,A
input_xboxbutton_b,B
input_xboxbutton_x,X
input_xboxbutton_y,Y
input_xboxbutton_4,Düğme #5
input_xboxbutton_5,Düğme #6
input_xboxbutton_6,Düğme #7
input_xboxbutton_7,Düğme #8
input_xboxbutton_8,Düğme #9
input_xboxbutton_9,Düğme #10
input_xboxbutton_10,Düğme #11
input_xboxbutton_11,Düğme #12
input_xboxbutton_12,Düğme #13
input_xboxbutton_13,Düğme #14
input_xboxbutton_14,Düğme #15
input_xboxbutton_15,Düğme #16
input_xboxbutton_left_stick_left,Sol çubuk sola
input_xboxbutton_left_stick_right,Sol çubuk sağa
input_xboxbutton_left_stick_up,Sol çubuk yukarı
input_xboxbutton_left_stick_down,Sol çubuk aşağı
input_xboxbutton_right_stick_left,Sağ çubuk sola
input_xboxbutton_right_stick_right,Sağ çubuk sağa
input_xboxbutton_right_stick_up,Sağ çubuk yukarı
input_xboxbutton_right_stick_down,Sağ çubuk aşağı
input_xboxbutton_analog_00,Sol tetik
input_xboxbutton_analog_01,Sağ tetik
input_xboxbutton_analog_02,Analog düğme #3
input_xboxbutton_analog_03,Analog düğme #4
input_xboxbutton_analog_04,Analog düğme #5
input_xboxbutton_analog_05,Analog düğme #6
input_xboxbutton_analog_06,Analog düğme #7
input_xboxbutton_analog_07,Analog düğme #8
input_xboxbutton_analog_08,Analog düğme #9
input_xboxbutton_analog_09,Analog düğme #10
input_leftshift,sol shift
input_rightshift,sağ shift
controls_aim_stick,nişan al
controls_drop_item,(Arayüz) eşya bırak
controls_drink_potion,(Arayüz) iksir iç
controls_ui_confirm,(Arayüz) onayla
controls_ui_drag,(Arayüz) sürükle
controls_takescreenshot,ekran görüntüsü al
controls_ui_quick_drag,(Arayüz) otomatik taşı
perk_adventurer,Sağlıklı Keşif
perkdesc_adventurer,Yeni bir bölgeyi her ziyaret ettiğinde 60 can yenilersin.
log_adventurer,Yeni bölgeye ulaştın! 60 can geri kazandın.
action_damage_forever,Manadan hasar
actiondesc_damage_forever,Asada 50'den fazla mana varsa bunun üzerindeki tüm mana ek hasara dönüştürülür
action_homing_area,Mermi alan ışınlanması
actiondesc_homing_area,Merminin yakınında geçerli bir hedef belirirse mermi doğrudan hedefin üzerine ışınlanır
animal_snowcrystal,Hayalet Taşı
ethereal_damage,Hayalet dokunuşu
animal_ethereal_being,Olematon (Var Olmayan)
action_bomb_detonator,Patlayıcı fünyesi
actiondesc_bomb_detonator,"Yakındaki, senin yaptığın tüm patlayıcı büyüler anında patlar"
logdesc_temple_upgrade_guardian,Tanrılar öfkeden kuduruyor
screenshot_saved,Ekran görüntüsü $0 konumuna kaydedildi
item_wand_ruusu,Ruusu (Gül)
action_orbit_discs,Testere diski yörüngesi
actiondesc_orbit_discs,Dört testere diski bir merminin çevresinde döner
action_orbit_fireballs,Ateş topu yörüngesi
actiondesc_orbit_fireballs,Dört ateş topu bir merminin çevresinde döner
action_orbit_nukes,Nükleer bomba yörüngesi
actiondesc_orbit_nukes,Dört… nükleer bomba(?!) bir merminin çevresinde döner
action_orbit_lasers,Plazma ışını yörüngesi
actiondesc_orbit_lasers,Dört plazma ışını bir merminin çevresinde döner
action_orbit_larpa,Yörünge larpa
actiondesc_orbit_larpa,Merminin dört kopyası onun çevresinde döner
log_greed_curse_return,Lanet yeniden etkinleşti!
action_slow_but_steady,Yavaş ama sağlam
actiondesc_slow_but_steady,Asanın yenilenme süresini tam 1.5 saniyeye ayarlar
item_wandstone,Asanın Çekirdeği
itemdesc_wandstone,"Bu eser, yetenekler olmadan da asaların potansiyelini açığa çıkarmanı sağlayabilir..."
item_greed_die,Açgözlülük Zarı
itemdesc_greed_die,"Adı, sandığından daha isabetli olabilir."
item_greed_die_good,Servetinin tadını çıkar! Sağ kalırsan tabii.
item_greed_die_bad,Yakaladım seni!
mat_gem_box2d_turquoise,turkuaz mücevher
item_powder_stash,Malzeme kutusu
itemdesc_powder_stash,Toz malzemeleri taşımak için kullanışlı bir kutu.
item_powder_stash_2,Çanta
itemdesc_powder_stash_2,Toz malzemeleri taşımak için kullanışlı bir çanta.
item_powder_stash_3,Toz kesesi
itemdesc_powder_stash_3,Toz malzemeleri taşımak için kullanışlı bir kese.
item_powder_stash_4,Çuval
itemdesc_powder_stash_4,Toz malzemeleri taşımak için kullanışlı bir çuval.
item_powder_stash_with_material,$0 kutusu
item_powder_stash_with_material_2,$0 çantası
item_powder_stash_with_material_3,$0 kesesi
item_powder_stash_with_material_4,$0 çuvalı
perk_hungry_ghost,Aç Hayalet
perkdesc_hungry_ghost,Ara sıra düşman mermilerini yiyen neşeli bir hizmetkâr çağırır.
status_damage_plus_small,Hasar Artışı
statusdesc_damage_plus_small,Hasarın bir süre biraz artar.
item_runestone_metal,Metal Rün Taşı
perk_death_ghost,Yaslı Ruh
perkdesc_death_ghost,"Ölen canlılar, küçük bir alanda hasar veren bir ruh bırakır."
perk_risky_critical,Kıl Payı
perkdesc_risky_critical,Yakınında düşmanlar olduğu sürece kritik vuruş şansın artar.
action_curse,Zehirli lanet
actiondesc_curse,"Mermiye, vurduğu hedefi yavaş yavaş çürüten bir lanet yükler"
damage_hitfx_curse,Zehirli Lanet
action_exploding_ducks,Ördek sürüsü
actiondesc_exploding_ducks,Kaotik bir acılı ördek sürüsü çağırır. Acısı sonradan çıkar
action_money_magic,Altından güç
actiondesc_money_magic,Mevcut altınının 5% kadarını harcar ve harcanan miktarla orantılı olarak mermiye hasar ekler
inventory_mod_damage_ice,Buz has.
inventory_mod_damage_slice,Kesme has.
inventory_mod_damage_healing,İyileştirme
inventory_mod_damage_curse,Lanet has.
inventory_mod_damage_drill,Delme has.
inventory_dmg_healing,İyileştirme
inventory_dmg_curse,Lanet has.
status_curse_wither_projectile,Zayıflatma Laneti - Mermiler
statusdesc_curse_wither_projectile,Mermilerden %25 ek hasar alırsın.
status_curse_wither_explosion,Zayıflatma Laneti - Patlayıcılar
statusdesc_curse_wither_explosion,Patlamalardan %25 ek hasar alırsın.
status_curse_wither_melee,Zayıflatma Laneti - Yakın Dövüş
statusdesc_curse_wither_melee,Yakın dövüş saldırılarından %25 ek hasar alırsın.
status_curse_wither_electricity,Zayıflatma Laneti - Elektrik
statusdesc_curse_wither_electricity,Elektrikten %25 ek hasar alırsın.
action_curse_wither_projectile,Zayıflatma laneti - mermiler
actiondesc_curse_wither_projectile,Merminin vurduğu hedef bir süre 25% fazladan mermi hasarı alır
action_curse_wither_explosion,Zayıflatma laneti - patlayıcılar
actiondesc_curse_wither_explosion,Merminin vurduğu hedef bir süre 25% fazladan patlama hasarı alır
action_curse_wither_melee,Zayıflatma laneti - yakın dövüş
actiondesc_curse_wither_melee,Merminin vurduğu hedef bir süre 25% fazladan yakın dövüş hasarı alır
action_curse_wither_electricity,Zayıflatma laneti - elektrik
actiondesc_curse_wither_electricity,Merminin vurduğu hedef bir süre 25% fazladan elektrik hasarı alır
action_worm_shot,Solucan fırlatıcı
actiondesc_worm_shot,Kısa süreliğine ortalığı dağıtan dev bir solucan çağırır!
action_black_hole_death_trigger,Ömür sonu tetikleyicili kara delik
actiondesc_black_hole_death_trigger,Tüm engelleri yiyip geçen ve ömrü bitince başka bir büyü yapan yavaş boşluk küresi
perk_food_clock,Sebzeni Ye
perk_food_clock_2,Yemek Saati
perkdesc_food_clock,Ne kadar toksan o kadar fazla hasar verirsin; ama miden boşsa can kaybetmeye başlarsın.
damage_hunger,Açlık
mat_porridge,besleyici lapa
log_greed_curse_away_short,Lanet şimdilik dağıldı...
logdesc_greed_curse_away_short,...ama geri gelecek!
animal_parallel_alchemist,Simyacının Gölgesi
animal_parallel_tentacles,Kolmisilmä'nın Hizmetkârı
animal_hpcrystal,Canlandırma Kristali
status_rainbow_farts,Gökkuşağı gazları
statusdesc_rainbow_farts,"Aç gözlerini, görüyorum\nGözlerin açık\nBana karşı maskelenme\nÇık ortaya\n"
mat_rainbow,gökkuşağı
mat_rainbow_gas,tekboynuz osuruğu
action_rainbow_trail,Gökkuşağı izi
actiondesc_rainbow_trail,Mermiye gökkuşağı izi verir
item_gold_orb,Parlak küre
itemdesc_gold_orb,Hafifçe uğulduyor. Tekmelersen ne olur diye merak ediyorsun... Bilim bunu gerektiriyor.
item_stonestone,Tannerkivi (Yer Taşı)
itemdesc_stonestone,"Çağlara meydan okuyacak gibi görünüyor. Senden kıdemli, kesin."
log_dark_moon_altar_extra,Kâfir!
logdesc_dark_moon_altar_extra,Buna nasıl cüret edersin!
log_dark_moon_altar,"""Kanımdan..."""
logdesc_dark_moon_altar,kanımdan... kanımdan... kanımdan... kanımdan...
mat_steelrusted,paslı çelik
stat_streaks,Seriler:
animal_necrobot,Tuonela Makinesi
animal_necrobot_super,Marraskone (Ölüm Makinesi)
animal_minipit,Minik Hizmetkâr
progress_killed_by,Seni öldürme sayısı: $0
animal_scavenger_glue,Tutkalcı Hiisi
mat_glue,tutkal
item_sunseed,Güneş Tohumu
itemdesc_sunseed,Parlıyor; vaatlerle dolu.
animal_boss_ghost,Unutulmuş
animal_boss_ghost_polyp,Häive (Silüet)
action_remove_bounce,Sekmeyi kaldır
actiondesc_remove_bounce,Normalde seken bir mermi artık sekmez
biome_ghost_secret,Unutulmuş Mağara
hint_endingmcguffin_enter_newgameplus,Yeni Oyun$1'e girmek için $0 tuşuna bas
biome_winter_caves,Karlı Uçurum
item_mcguffin_33,Yendor Tılsımı
itemdesc_mcguffin_33,"Sıradan ölümlülerin kullanmak şöyle dursun, kavramakta bile zorlanacağı güçler taşıdığı söylenir"
action_glue_shot,Tutkal topu
actiondesc_glue_shot,Patlayıp yapışkan bir curcunaya dönüşen mermi
action_petrify,Taşlaştır
actiondesc_petrify_a,Yaralı bir düşmanı taşa dönüştürür
actiondesc_petrify_b,Kritik vuruş bir düşmanı taşa dönüştürür
actiondesc_petrify_c,Kritik vuruş yaralı bir düşmanı taşa dönüştürür
perk_gamble,Kumar (Tek Kullanımlık)
perkdesc_gamble,İki rastgele yetenek kazanırsın.
item_wand_riimusauva,Riimusauva (Rün Asası)
item_wand_arpaluu,Arpaluu (Fal Kemiği)
item_wand_varpuluuta,Varpuluuta (Dal Süpürgesi)
animal_surge,Sähikäinen (Kıvılcımcı)
animal_spiderbot,Demir Örümcek
animal_piranha,Kyrmyniska (Kambur Ense)
animal_fish_giga,Derinlik Varlığı
action_worm_shot_big,Giga solucan fırlatıcı
actiondesc_worm_shot_big,Kısa süreliğine ortalığı dağıtan muazzam bir solucan çağırır!
action_fan,Mermi yelpazesi
actiondesc_fan,Gelen mermileri dar bir koni düzeninde uzağa iter
perk_fungal_disease,Mantar Hastalığı
perkdesc_fungal_disease,Tehlike yakınken mantar çıkıntıları filizlendirirsin.
perk_lukki_minion,Lukki Hizmetkâr
perkdesc_lukki_minion,Yardımına bir lukki hizmetkâr çağırır.
perk_angry_levitation,Öfkeyle Havalanma
perkdesc_angry_levitation,Bir düşman öldürmek havalanma gücünün bir kısmını yeniler.
perk_destructive_spells,Yıkıcı Büyü
perkdesc_destructive_spells,Büyülerin zemini daha etkili yok eder.
perk_mold,Mantar Kolonisi
perkdesc_mold,Yakınındaki sümük kendiliğinden mantar canlılarına dönüşür.
perk_cordyceps,Kordiseps
perkdesc_cordyceps,Öldürdüğün düşmanların cesetlerinden mantar canlıları çıkar.
action_pollen,Polen
actiondesc_pollen,"Yakındaki yaratıklara güdümlenen küçük, süzülen bir mermi"
action_homing_short,Kısa menzilli güdüm
actiondesc_homing_short,Mermi hedeflerin yakınındayken onlara doğru uçar
animal_fungus_giga,Huhtasieni (Kuzugöbeği)
animal_fungus_nest,Rihmasto (Miselyum)
log_new_step,Bir dönüşüm gerçekleşiyor!
logdesc_new_step,Bir şeyler değişti...
item_seed_b,Güneş Yumurtası
itemdesc_seed_b,Artık yoğun bir ışık saçıyor...
item_seed_c,Güneş Taşı
itemdesc_seed_c,Güneş'in kristalleşmiş özü.
item_seed_d,Yıldız Yavrusu
itemdesc_seed_d,Henüz tam büyümedi ama ısı saçıyor.
item_seed_e,Yeni Güneş
itemdesc_seed_e,Tamamlandı
material_mold,Küf
material_cloth,Kumaş
biome_robobase,Enerji Santrali
biome_fun,Bitki Kaplı Mağara
item_book_music_b,Araştırma Notları
itemdesc_book_music_b,“Biri gölette\nBiri ağaçta\nBiri çıkıntıda\nBiri güneşin altında”
item_book_music,Simyacının Defteri
itemdesc_book_music,"”Aşağıdaki, şarkılarımı dinliyor...\n \nG D# G E A\n \nE C B G# F”"
animal_sentry,Gözcü
animal_neutralizer,Durdurucu
animal_hidden,Casus
animal_soldier,İnfazcı
item_book_s_a,Büyük Simya Üzerine Notlar
itemdesc_book_s_a,"”Büyük simya girişimleri arasında,\nBüyük Eser'e denk olmasalar da Güçlerine\nhükmetmeyi başaran herkese kazandırdıkları\nilahi kudret yüzünden büyük saygı görenler vardır.\n\nAnlatacağım girişim, bu Yeryüzünün Toprağına derinlemesine gizlenmiş, büyük vaatler taşıyan bir Tohum gerektirir...”"
itemdesc_book_s_b,"”...Uyuyan Tohumu, geçmiş uygarlıkların zirvesinde Güneş ışınlarına doyurarak hayata döndür...”"
itemdesc_book_s_c,"”...Simya işlemi büyük Ateş ve Isı ister; bu amaçla,\nTaşı Ateşli Toprağa yatır ve büyük büyülü Yıkım Isısıyla dönüşümünü gerçekleştir...”"
itemdesc_book_s_d,"”...Tamamlandığında yaşamı sürdürecektir; bu yüzden Yaratılışı, önemli miktarda\nYaşam Gücü ister. Yumurtanın Yüz Düşmanını yutmasına ve Kanlarını içmesine izin ver...”"
itemdesc_book_s_e,"”...Son adım olarak Yavruya,\nDört Unsurun kristalleşmiş Özlerini aşıla. Ama dikkat et: Yavru, yozlaştırıcı etkilere açıktır...”"
item_book_music_c,Anahtar Kitabı
itemdesc_book_music_c,"”Anahtar seni dinledikten sonra onu evine götür...\nBir ev gökte, görünmez basamakların ötesinde...\nBir ev yeraltı dünyasında, magma denizlerinin altında...”"
item_book_robot,Bir Maceracının Düşünceleri
itemdesc_book_robot,”Bu makineler gördüğüm hiçbir şeye benzemiyor. Onları Hiisi mi yaptı? Yoksa hep buradalar mıydı?”
item_d12,12 yüzlü zar
itemdesc_d12,"Daha çok yüz, daha çok olası ödül! Daha çok endişe de cabası."
action_knife_ring,Bıçak halkası
actiondesc_knife_ring,"8 bıçaktan oluşan, daralan bir halka çağırır"
action_iceball,Buz topu
actiondesc_iceball,Donmuş ateşten büyülü bir top
item_d12_greed,12 yüzlü Açgözlülük Zarı
itemdesc_d12_greed,Bence hiç bulaşma!
item_book_moon,Gök Cisimleri Kitabı
itemdesc_book_moon,"”Diğer her şey gibi, her gök cisminin de bir karşılığı vardır.\nHer altın yıldızın bir karanlık bilmecesi, her gümüş ayın da içi boş bir gölgesi vardır.”"
perk_minion_powerup,Güçlü Hizmetkârlar
perkdesc_minion_powerup,Yardımına çağrılan tüm hizmetkârların hasarı ve canı artar.
item_seed_f,Karanlık Güneş
itemdesc_seed_f,Bir şeyler ters gitti...! Kozmik ölçekte.
logdesc_new_step_b,Burada bir şeyler ters...
perk_map,Mekânsal Farkındalık
perkdesc_map,Bir an durursan Dağ'a göre konumunu hissedebilirsin.
biome_underwater,Batık Mağara
log_collision_1,Artık yok
logdesc_collision_1,Yeniler yerini alsın diye eskiler yutulur
log_collision_2,"Yukarıda Nasılsa, Aşağıda da Öyle..."
logdesc_collision_2,Dünyanın yeni kalbi dengede
log_collision_3,"Yukarıda Nasılsa, Aşağıda da Öyle, ama..."
logdesc_collision_3,"Dünyanın yeni kalbi, merkezindeki yozlaşmayla büyüyor"
item_goldnugget_200000,Altın İdol (200000)
item_bloodmoney_200000,Kanlı Altın İdol (200000)
action_tntbox,Patlayıcı kutu çağır
actiondesc_tntbox,Patlayıcı madde dolu bir kutu çağırır
action_tntbox_big,Büyük patlayıcı kutu çağır
actiondesc_tntbox_big,Patlayıcı madde dolu büyük bir kutu çağırır
streamingevent_all_access_teleport,Herkese Açık Geçitler
streamingeventdesc_all_access_teleport,Yakınındaki canlılar Kutsal Dağ geçitlerine girebilir.
item_book_hint,Rehberlik Kitabı
item_gold_orb_greed,Zalim Küre
itemdesc_gold_orb_greed,Üzerinden kan süzülüyor gibi...
status_weaken_combined,Zayıflatılmış
statusdesc_weaken_combined,Dirençlerin ve koruyucu yeteneklerin geçici olarak devre dışıdır.
damage_sun,Işık
item_musicstone,Kuulokivi (Dinleyen Taş)
itemdesc_musicstone,"Bu eser, nota biçimli oymalarla kaplı ve düzenli aralıklarla titreşiyor.\nUzaktan gelen müzik mi o?"
damage_darksun,Karanlık
animal_fungus_tiny,Myrkkynääpikkä (Zehirli Mantar)
perkdesc_mega_beam_stone,Göklerin öfkesini çağırmanı sağlayan bir eser kazanırsın.
animal_fungus_tiny_perk,Sappitatti (Acı Mantar)
reward_sun,İyicil gün ışığı!
action_sun,Güneş çağır
actiondesc_sun,Muazzam güçlü bir varlık oluşturur. Yalnızca bir kez yapılabilir
action_darksun,Karanlık güneş çağır
actiondesc_darksun,Muazzam güçlü bir varlık oluşturur. Yalnızca bir kez yapılabilir
achievement_excavationsite,Kömür Çukurları'na Ulaşıldı
achievementdesc_excavationsite,Kömür Çukurları'na ulaşıldı
achievement_snowcave,Karlı Derinlikler'e Ulaşıldı
achievementdesc_snowcave,Karlı Derinlikler'e ulaşıldı
achievement_snowcastle,Hiisi Üssü'ne Ulaşıldı
achievementdesc_snowcastle,Hiisi Üssü'ne ulaşıldı
achievement_rainforest,Yeraltı Ormanı'na Ulaşıldı
achievementdesc_rainforest,Yeraltı Ormanı'na ulaşıldı
achievement_vault,Kasa'ya Ulaşıldı
achievementdesc_vault,Kasa'ya ulaşıldı
achievement_crypt,Sanat Tapınağı'na Ulaşıldı
achievementdesc_crypt,Sanat Tapınağı'na ulaşıldı
achievement_victory,Zafer
achievementdesc_victory,Zafer
achievement_orbs,Tüm Bilgi Toplandı
achievementdesc_orbs,Tüm bilgi toplandı
achievement_progress_enemies,%100 Düşman İlerlemesi
achievementdesc_progress_enemies,%100 düşman ilerlemesi
achievement_progress_spells,%100 Büyü İlerlemesi
achievementdesc_progress_spells,%100 büyü ilerlemesi
achievement_progress_perks,%100 Yetenek İlerlemesi
achievementdesc_progress_perks,%100 yetenek ilerlemesi
achievement_impressed,Tanrılar Etkilendi
achievementdesc_impressed,Tanrılar etkilendi
achievement_afraid,Tanrılar Korkuyor
achievementdesc_afraid,Tanrılar korkuyor
achievement_enraged,Tanrılar Öfkeden Kuduruyor
achievementdesc_enraged,Tanrılar öfkeden kuduruyor
action_nuke_giga,Giga nükleer bomba
actiondesc_nuke_giga,Ne olmasını bekliyordun?
action_bomb_holy_giga,Giga kutsal bomba
actiondesc_bomb_holy_giga,"Daha büyük, dolayısıyla daha kutsal"
animal_friend,Toveri (Yoldaş)
animal_wizard_homing,Hedefleme Ustası
animal_icemage,Pakkasukko (Ayaz Dede)
building_altar_null,Etkisizleştirme Sunağı
building_altar_always,Kalıcılık Sunağı
biomemodifierdesc_cool,Hava aşırı serin geliyor...
animal_cook,Aşçı Hiisi
log_balance_1,Dünya dengede
log_balance_2,Dünya yozlaştı
log_balance_3,Dünya ışığın ağırlığı altında
log_balance_4,Dünya kaosta!
perk_gas_blood,Gaz Kanı
perkdesc_gas_blood,Kan yerine yanıcı gaz salarsın.
mat_healsand,canlı toz
mat_steel_strong,sertleştirilmiş çelik
damage_supernova,Süpernova
biomemodifierdesc_sunlight,Her şey gizemli bir ışıkla parlıyor...!
biomemodifierdesc_sundark,Burada uğursuz bir hava var...!
biomemodifierdesc_fog_of_war_clear_at_player,Burası kasvetli geliyor.
ui_million_shorthand,$0M
ui_thousand_shorthand,$0B
menureleasenotes_noita11,"Noita Epilogue 2 Güncellemesi'ne hoş geldin!\nNoita bir zamanlar erken erişimdeydi. İlk yılında oynayan\nherkese kocaman bir teşekkür borçluyuz. Geri bildirimleriniz paha biçilemezdi!\nYeni Noita oyuncularına da... Hoş geldiniz, bol şans!\n- Geliştiriciler\n"
menu_newgame_gamemodewithslotstooltip,Yeni oyuna başla veya mevcut kayda devam et.
menu_newgame_saveandnewgame,Mevcut dünyayı kaydet ve yeni oyuna başla
menu_main_continue_info,Devam: $0
menu_saveslotselect_deleteslotfirst,Yeni oyuna başlamak için\nbu yuvadaki dünyayı sil.
menu_saveslotselect_continue,Bu dünyaya devam et.
menu_saveslotselect_continuecurrent,Mevcut dünyaya devam et.
menu_saveslotselect_modnotfound_withname, [Mod bulunamadı - $0]
menu_saveslotselect_modnotfound, [Mod bulunamadı]
menuoptions_steamcloud_warning_enabled,Steam Cloud kayıt boyutu uyarısı: $0
menuoptions_steamcloud_warning_limit,Steam Cloud kayıt boyutu uyarı sınırı
menuoptions_steamcloud_warning_tooltip,Kayıt verisi belirtilen boyutu aşarsa oyun seni uyarır.
menu_steamcloud_size_warning,Uyarı: Kayıt boyutu $0 MB üzerinde.
menu_steamcloud_size_warning_desc,Steam Cloud eşitlemesi uzun sürebilir.\nBulut eşitlemesini kapatmak için buraya tıkla.
menu_steamcloud_filecount_warning,Uyarı: Kayıt verisi 10000 dosyayı aşıyor
menu_steamcloud_filecount_warning_desc,Steam Cloud bu kadar dosyayı desteklemiyor.\nİşler pek yolunda gitmeyecek gibi.\nBulut eşitlemesini kapatmak için buraya tıkla.
menu_steamcloud_warning_turnoff_hint,(Bu uyarıyı Seçenekler'den kapatabilirsin.)
biomemodifierdesc_invisibility,Birden gözlerini odaklamakta zorlanıyorsun...
biomemodifierdesc_wormy,Her yandan ürkütücü sürünme sesleri geliyor!
item_tntbox,Patlayıcı kutu
item_tntbox_big,Büyük patlayıcı kutu
item_book_essences,Özler Kitabı
itemdesc_book_essences,"”Dört Öz, bu görünür Dünyayı oluşturan dört Unsuru temsil eder...\nOnların Korkunç Gücüyle donanan kişi büyük işler yapabilir,\nama yıkıcı Kudretlerinden Korkmalıdır. Bu yüzden,\nbu Tehlikeli Güçleri gidermenin bir yolunu Bulduk; onu Batıda ve Doğuda ara.\n\nBir Efsane de bütün Unsurların Gök Yumurtasından doğduğunu ve bir gün Ona döneceğini söyler...”"
action_black_hole_giga,Omega kara delik
actiondesc_black_hole_giga,Işık bile eninde sonunda ölür...
animal_firemage_big,Büyük Stendari
itemdesc_book_hint,"”Kardeşlerimden biri, düştüğümüz çıkmazdan kurtulmak için kaçtı...\nBu dünyaya dair anlayışımızın yasaklanacağını düşünüyordu.\nBurada, bu odada bir şey sakladı ama...\n...burada olanı gerçekten görebilecek yetiden yoksunum!”"
input_mousebutton4,Fare 4
input_mousebutton5,Fare 5
action_blood_to_power,Kandan güç
actiondesc_blood_to_power,Canının 20% kadarı karşılığında mermi ek hasar kazanır
action_meat_to_power,Etten güç
actiondesc_meat_to_power,Mermi yakındaki kanı ve eti emerek hasarını artırabilir
action_toxic_to_power,Zehirli güç
actiondesc_toxic_to_power,Mermi yakındaki zehirli çamuru ve zehri emerek hasarını artırabilir
item_book_diamond,Mücevher Kitabı
itemdesc_book_diamond,"”Rüyamda büyük bir Elmas gördüm...\nBana Büyük Hazineler vadederek beni içine çağırdı.\nBana şöyle dedi:\n'Burada gösterdiğim Yolu izlemek istiyorsan, bana şu İkisinden birini getirmelisin:\nkorkunç bir Açgözlülük Laneti ya da bu diyarın en Eşsiz varlığı.'\nBu sözleri tam anlamıyorum ama Elması hâlâ zihnimin gözünde görüyorum...”"
mat_meat_warm,az pişmiş et
mat_meat_hot,pişmiş et
mat_meat_done,tam pişmiş et
mat_meat_burned,yanmış et
mat_peasoup_concentrate,yoğunlaştırılmış bezelye çorbası
mat_mammi,mämmi tatlısı
mat_juhannussima,yaz bayramı siması
item_hernekeittopurkki,Bezelye çorbası konservesi
item_kaljapullo,Bira şişesi
perk_iron_stomach,Demir Mide
perkdesc_iron_stomach,Yemenin olumsuz etkilerinden artık zarar görmezsin.
animal_wand_ghost_charmed,Büyülü Asa
gold_wand_statue,Altın heykel
inventory_dmg_melee,Yakın dövüş has.
mat_material_confusion,şaşırtıyum
animal_thunderburst_thundermage,Ukko (Yıldırımcı)
animal_thunderburst,Ukko (Yıldırımcı)
action_bounce_small_explosion,Kıvılcımlı sekme
actiondesc_bounce_small_explosion,Mermi sekerken hasar veren kıvılcımlar saçar
action_bounce_lightning,Şimşek sekmesi
actiondesc_bounce_lightning,Mermi sekerken güçlü şimşekler saçar
action_bounce_hole,Boşluk sekmesi
actiondesc_bounce_hole,Mermi sekerken zemini ortadan kaldırır
action_zero_damage,Sıfır atış
actiondesc_zero_damage,"Merminin süresini çok uzatır, ama tüm hasarını ve patlamasını kaldırır"
action_caster_cast,İç büyü
actiondesc_caster_cast,Mermiyi büyücünün durduğu yerden atar
animal_shotgunner_hell,Cehennem Hiisi
animal_sniper_hell,Cehennem Nişancı Hiisi
action_white_hole_big,Giga beyaz delik
actiondesc_white_hole_big,"Menzilindeki her şeyi yok eden, büyüyen bir pozitif enerji küresi"
action_true_orbit,Gerçek yörünge
actiondesc_true_orbit,Mermi yörüngedeki bir gezegen gibi büyücünün çevresinde döner
action_hook,Kanca oku
actiondesc_hook,Çarpınca büyücüyü kendine çeken parlak bir kanca
action_anti_homing,Ters güdüm
actiondesc_anti_homing,Mermi düşmanlarından uzağa doğru hızlanır
action_fish,Balık çağır
actiondesc_fish,BALIK!
action_sea_swamp,Bataklık çağır
actiondesc_sea_swamp,Büyücünün altında büyük bir bataklık oluşturur
item_leukaluu,Turna balığı çene kemiği
action_homing_wand,Asaya güdüm
actiondesc_homing_wand,Mermi asalara doğru hızlanır
item_leukaluu_kantele,Turna çenesinden kantele
damage_holy,kutsal
magic_liquid_weakness,zayıflama
status_weakness,Güçsüzlük
statusdesc_weakness,Güçsüz hissediyorsun.
mat_static_magic_material,australyum
mat_magic_gas_midas,Midas gazı
mat_magic_gas_worm_blood,solucan gazı
animal_miner_hell,Cehennem Madenci Hiisi
animal_meatmaggot,Çürük Sürüngen
mat_pus,irin
action_quad_shot,Dörtlü kopya büyü
actiondesc_quad_shot,"Merminin kopyalarını dörtgen düzende atar, ama kopyalar yine mana harcar"
action_i_shot,I biçimli kopya büyü
actiondesc_i_shot,"Merminin bir kopyasını arkana atar, ama kopya yine mana harcar"
action_t_shot,T biçimli kopya büyü
actiondesc_t_shot,"Merminin kopyalarını üstüne ve altına atar, ama kopyalar yine mana harcar"
action_w_shot,W biçimli kopya büyü
actiondesc_w_shot,"Merminin kopyalarını üç kollu düzende atar, ama kopyalar yine mana harcar"
action_y_shot,Y biçimli kopya büyü
actiondesc_y_shot,"Merminin bir kopyasını iki kollu düzende atar, ama kopya yine mana harcar"
action_penta_shot,Beşgen kopya büyü
actiondesc_penta_shot,"Merminin 5 kopyasını beşgen düzende atar, ama kopyalar yine mana harcar"
action_hexa_shot,Altıgen kopya büyü
actiondesc_hexa_shot,"Merminin 6 kopyasını altıgen düzende atar, ama kopyalar yine mana harcar"
biome_meat,Et Diyarı
action_antiheal,Ölümcül şifa
actiondesc_antiheal,"Önce hasar veren, ardından zamanla iyileştiren mermi"
animal_windshaman,Tuulikainen (Rüzgârcı)
action_clustermod,Küme oku
actiondesc_clustermod,Mermi duvara vurunca bir küme patlayıcı ok saçar
action_turretmod,Nöbetçi ruh
actiondesc_turretmod,Hedeflere merminin kopyalarını atan bir ruh salar
animal_boss_meat,Kolmisilmä'nın Kalbi
item_utility_box,Araç gereç kutusu
animal_tentaclemass,Sätkijä (Kıvranan)
perk_bigger,İrileş
perkdesc_bigger,Mermi ve patlama direncin artar; ama seni vurmak kolaylaşır.
perk_smaller,Ufaklaş
perkdesc_smaller,Seni vurmak zorlaşır; ama mermilerden ve patlamalardan daha fazla hasar alırsın.
animal_islandspirit,Tapio'nun Vasalı
perk_lich,Ölümsüz Büyücü Biçimi
perkdesc_lich,Korkunç bir yeni biçime bürünürsün! Aynalar kaldırılabilir.
action_holy,Kutsal mızrak
actiondesc_holy,"Güçle parlayan, hızlı uçan, delici bir mızrak"
inventory_dmg_holy,Kutsal has.
animal_shaman_wind,Valhe (Yalan)
mat_magic_gas_polymorph,polimorfin bulutu
mat_magic_gas_weakness,zayıflama bulutu
mat_magic_gas_teleport,ışınlanıyum bulutu
mat_magic_gas_fungus,acayip bulut
mat_magic_liquid_death,anında ölüyum
animal_berserkspirit,Öfke Hayaleti
animal_confusespirit,Sis Hayaleti
animal_weakspirit,Karanlık Hayaleti
animal_slimespirit,Bataklık Hayaleti
mat_magic_gas_confuse,şaşırtıyum bulutu
mat_magic_gas_berserk,kuduruyum bulutu
mat_magic_gas_charm,feromon bulutu
DO_NOT_USE_actiondesc_curse_wither_projectile,Merminin vurduğu hedef bir süre %25 fazla mermi hasarı alır. Mermi hasarına bağışık hedeflerde işlemez
DO_NOT_USE_actiondesc_curse_wither_explosion,Merminin vurduğu hedef bir süre %25 fazla patlama hasarı alır. Patlama hasarına bağışık hedeflerde işlemez
DO_NOT_USE_actiondesc_curse_wither_melee,Merminin vurduğu hedef bir süre %25 fazla yakın dövüş hasarı alır. Yakın dövüş hasarına bağışık hedeflerde işlemez
DO_NOT_USE_actiondesc_curse_wither_electricity,Merminin vurduğu hedef bir süre %25 fazla elektrik hasarı alır. Elektrik hasarına bağışık hedeflerde işlemez
animal_longleg_huge,Dev Hämis
perkdesc_vampirism,Azami canının %25'ini kaybedersin; ama kan içerek can yenileyebilirsin.\nKan tokluğunu etkilemez ve artık gıda zehirlenmesi yaşamazsın.
status_mammi_eater,İğrenç Mämmi Yiyici
statusdesc_mammi_eater,Üstüne yapışan bir lakap kazandın. Sicile işledi.
action_touch_piss,Altın dokunuşu?
actiondesc_touch_piss,"Küçük bir alan içindeki her şeyi idrara dönüştürür: duvarları, yaratıkları... seni de"
action_mass_polymorph,Muodonmuutos
actiondesc_mass_polymorph,Mee
action_touch_grass,Çimene dokun
actiondesc_touch_grass,"Küçük bir alan içindeki her şeyi toprağa dönüştürür: duvarları, yaratıkları... seni de. Tabii eğer…"
action_cessation,Hiçleşme
actiondesc_cessation,"Büyücü, hiçbir diyarın olmadığı diyara girer"
item_chainsaw,Motorlu testere
action_white_hole,Beyaz delik
actiondesc_white_hole,Yolundaki her şeyi yok eden pozitif enerji küresi
action_white_hole_giga,Omega beyaz delik
actiondesc_white_hole_giga,Menzilindeki her şeyi yok eden muazzam bir pozitif enerji küresi
ui_longleg_love,Sevmek için $0 tuşuna bas
ui_longleg_love_msg1,Hämis mutlu!
ui_longleg_love_msg2,Hämis ÇOK mutlu!
log_boss_meat_death,Bir lanet kalktı!
logdesc_boss_meat_death,Artık nefes almak daha kolay
animal_mimic_potion,Henkevä potu (Canlı Şişe)
animal_boss_sky2,Lohkare (Kaya)
animal_boss_sky,Kivi (Taş)
action_sea_mimic,Mimikyum denizi
actiondesc_sea_mimic,Büyücünün altında büyük bir mimikyum kütlesi oluşturur
mat_mimic_liquid,taklitiyum
item_potion_mimic,İksir (%100 dolu)
biome_labyrinth,Labirent
mat_grass_holy,İlahi Toprak
biome_potion_mimics,Henkevä Tapınağı
biome_boss_sky2,Lohkare Tapınağı
biome_boss_sky,Kivi Tapınağı
biome_barren,Çorak Tapınak
biome_darkness,Tekinsiz Tapınak
biome_watchtower,Gözetleme Kulesi
bookdesc_barren,"Üçlü Mezarın üzerindeki Evin meyvesine ulaşanlar şu hakikati bilsin:\nEn Kutsal Toprak, Bizim Suyumuz değdiğinde en bereketlidir."
booktitle_barren,Üstadın Notu
fast_travel_boom,Hızlı Yolculuk Patlaması
perkdesc_fast_travel_boom,"Bazı patlamalar, ek yeteneklerle devasa boyutlara büyütülebilir."
mat_beer,bira
mat_milk,süt
mat_molut,molut
mat_ice_beer,donmuş bira
mat_ice_milk,donmuş süt
mat_ice_molut,donmuş molut
mat_ice_vomit,donmuş kusmuk
log_gods_looking,Tanrılar seni arıyor
logdesc_gods_looking,Tanrılar seni arıyor
log_gods_looking2,Tanrılar seni bulamıyor
logdesc_gods_looking2,Tanrılar seni bulamıyor
perk_respawn_spent,Ek Hayat (Tek Kullanımlık)
perkdesc_respawn_spent,Öldüğünde 100 canla yeniden doğarsın.
